input_index,reference,sentiment,text_key,title,author,date,period,mode,genre,gender,birthdate,nationality,role,source,Topic 1,Topic 2,Topic 3,Topic 4,Topic 5,Topic 6,Topic 7,Topic 8,Topic 9,Topic 10,Topic 11,Topic 12,Topic 13,Topic 14,Topic 15,Topic 16,Topic 17,Topic 18,Topic 19,Topic 20,Topic 21,Topic 22,Topic 23,Topic 24,Topic 25,Topic 26,Topic 27,Topic 28,Topic 29,Topic 30,Topic 31,Topic 32,Topic 33,Topic 34,Topic 35,Topic 36,Topic 37,Topic 38,Topic 39,Topic 40,Topic 41,Topic 42,Topic 43,Topic 44,Topic 45,Topic 46,Topic 47,Topic 48,Topic 49,Topic 50,Topic 51,Topic 52
0,Aikin_SirBertran_1,-0.9201,Aikin_SirBertran,"Sir Bertrand, A Fragment","Aikin, John and Anna Laetitia",1773,Romantic,Fragment,Gothic,,,English,Central,colors,0.78,1.18,2.27,1.59,0.7,1.37,1.25,4.5,1.59,2.67,2.49,0.95,1.49,2.03,1.28,1.24,1.75,1.96,2.51,1.3,1.97,1.7,0.97,1.45,1.31,1.84,1.61,1.64,1.94,6.72,1.69,1.56,4.76,1.79,1.63,1.4,1.46,1.09,3.87,1.21,1.25,2.16,0.91,0.98,1.23,1.98,1.69,1.3,3.03,1.07,1.6,6.3
1,Ainsworth_OldSaintPa_1,0.9773,Ainsworth_OldSaintPa,Old Saint Paul's: A Tale of the Plague and the Fire,"Ainsworth, William Harrison",1841,,,,m,1805,English,,pb-manual,2.97,1.33,1.9,3.48,1.1,1.64,1.85,1.76,2.84,8.41,0.88,1.08,1.89,3.63,3.95,0.81,1.32,1.04,2.44,2.98,1.66,1.63,1.53,1.24,1.87,1.87,1.03,1.55,1.62,1.13,1.34,0.43,4.24,1.29,2.75,0.77,0.65,1.98,1.18,1.21,1.84,1.6,3.51,1.1,0.51,2.3,1.73,1.4,0.78,3.97,0.98,2.0
2,Ainsworth_Rookwood_1,0.9989,Ainsworth_Rookwood,Rookwood,"Ainsworth, William Harrison",1834,,Novel,Gothic,m,1805,English,Central,colors,2.11,2.37,1.06,3.34,2.25,2.11,2.52,2.24,0.66,2.45,1.12,3.41,0.91,1.6,1.88,2.94,0.61,1.74,1.56,3.21,1.49,1.92,2.34,1.82,1.11,3.03,1.75,0.7,0.9,1.34,1.16,1.04,0.77,0.49,2.15,2.47,1.84,4.16,1.31,1.39,3.27,1.83,6.01,1.54,1.61,3.7,1.07,2.12,1.32,2.1,1.49,0.65
3,Ainsworth_TheLancash_1,-0.9998,Ainsworth_TheLancash,The Lancashire Witches: A Romance of Pendle Forest,"Ainsworth, William Harrison",1848,,,,m,1805,English,,pb-manual,0.58,0.92,1.63,0.73,0.29,0.67,0.41,1.69,0.83,0.74,0.83,0.5,2.38,0.56,1.12,0.63,1.06,0.52,0.64,0.31,0.88,0.53,1.04,0.26,1.3,1.56,14.57,0.6,2.84,2.91,0.47,0.79,2.97,5.66,0.49,0.95,4.32,0.56,1.3,0.55,0.2,0.83,0.3,0.45,1.51,1.1,2.33,0.88,0.54,4.56,0.52,25.2
4,Austen_Northanger_1,1.0,Austen_Northanger,Northanger Abbey,"Austen, Jane",1817,,,,f,1775,English,,gutenberg,0.88,1.27,1.37,1.83,2.86,1.16,1.34,1.29,1.35,1.67,1.71,1.82,1.16,2.76,1.7,2.83,2.0,2.72,1.84,1.55,2.38,2.44,2.23,0.79,1.31,1.84,1.29,4.02,2.34,1.67,2.86,1.95,3.83,1.6,2.29,2.24,2.03,2.65,1.01,3.39,1.19,1.2,4.09,1.6,0.87,1.67,1.99,2.46,1.02,1.32,1.94,1.39
5,Bangs_GhostsIHav_1,0.9937,Bangs_GhostsIHav,Ghosts I Have Met and Some Others,"Bangs, John Kendrick",1898,,,,m,1862,American,,gutenberg,1.27,0.82,1.26,1.07,3.7,2.22,1.25,1.02,4.4,1.79,1.62,1.11,1.14,9.48,3.06,0.73,3.3,2.59,2.6,1.64,2.3,1.69,1.79,1.47,1.08,0.83,0.71,2.64,2.6,1.25,5.07,1.34,1.59,0.74,1.86,1.57,1.55,1.0,1.09,3.55,1.7,1.17,5.15,1.42,0.78,1.79,0.89,0.59,1.14,1.85,1.42,0.31
6,Bangs_Toppletons_1,0.9999,Bangs_Toppletons,"Toppleton's Client; Or, A Spirit in Exile","Bangs, John Kendrick",1893,,,,m,1862,American,,gutenberg,4.73,1.62,0.86,2.07,1.09,1.16,2.49,1.82,0.56,1.84,0.66,2.31,5.22,1.05,1.4,2.49,0.72,1.25,1.48,8.61,0.83,1.01,0.78,2.01,0.96,3.82,4.35,0.5,0.58,1.56,0.93,0.65,0.53,1.51,2.88,1.2,2.47,4.25,1.05,2.06,1.99,2.87,1.02,0.79,1.59,2.73,1.97,3.17,1.93,0.46,1.35,2.75
7,Barnard_TheAbbotsG_1,1.0,Barnard_TheAbbotsG,"The Abbot's Ghost, or Maurice Treherne's Temptation: A Christmas Story","Barnard, A. M.",1867,,,,f,1832,American,,gutenberg,3.19,2.26,1.36,2.19,4.39,1.96,1.61,3.26,1.4,2.34,1.99,2.34,1.17,0.9,2.23,1.92,1.24,3.35,1.26,3.17,3.24,2.44,1.57,1.45,0.88,1.78,0.63,2.36,1.19,0.94,2.36,1.32,1.82,0.48,1.46,1.59,1.45,2.18,0.95,1.32,8.32,1.23,3.38,1.5,1.29,1.79,1.93,1.7,1.02,0.69,1.67,0.52
8,Barrett_TheHeroine_1,1.0,Barrett_TheHeroine,The Heroine,"Barrett, Eaton Stannard",1813,Romantic,Novel,Gothic Parody,m,1820,Irish,Central,colors,7.44,2.23,1.62,1.23,3.45,1.84,1.78,1.19,1.02,2.62,1.35,2.69,2.15,1.54,2.05,2.68,1.08,2.42,2.27,2.76,1.86,1.38,2.11,4.27,2.14,2.33,1.27,1.06,0.96,1.11,1.26,2.13,1.21,0.66,1.78,2.44,1.41,3.48,1.31,1.23,2.09,1.98,1.44,1.26,0.94,2.21,1.05,2.93,1.32,1.01,1.83,1.17
9,Beattie_TheMinstre_1,1.0,Beattie_TheMinstre,"The Minstrel, Or The Progress Of Genius. A Poem","Beattie, James",1771,Romantic,Poetry,,m,1735,Scottish,Peripheral,colors,2.79,2.82,1.06,3.18,2.21,1.62,2.52,1.06,2.07,1.5,1.4,2.79,1.12,2.8,2.35,1.87,2.4,2.87,1.43,4.01,2.01,2.74,1.36,4.36,1.9,2.21,1.38,1.36,0.78,3.38,0.9,0.61,1.61,0.89,1.99,1.89,1.15,1.81,1.09,1.17,2.81,2.29,2.41,0.85,1.77,2.93,1.59,1.19,1.04,0.88,2.11,1.65
10,Beckford_TheHistory_1,1.0,Beckford_TheHistory,The History of Caliph Vathek,"Beckford, William",1786,Romantic,Novella,Oriental Tale,m,1760,English,Central,colors,3.66,1.12,1.5,1.51,3.83,2.66,0.98,1.4,1.03,2.66,1.96,1.82,1.16,1.24,1.51,2.87,3.32,1.72,6.35,3.3,1.46,3.13,3.01,2.37,1.78,1.82,1.09,0.77,1.39,2.07,0.73,1.42,1.53,1.01,2.54,1.87,0.94,1.5,1.25,3.01,1.71,2.77,3.74,1.0,0.81,1.61,0.6,2.19,1.21,1.86,1.48,0.74
11,Bierce_AnOccurren_1,0.9936,Bierce_AnOccurren,An Occurrence at Owl Creek Bridge,"Bierce, Ambrose",1890,,,,m,1842,American,,pb-manual,0.62,1.83,1.19,0.7,0.2,1.22,1.62,0.79,1.25,0.76,1.98,0.76,2.44,1.0,0.44,3.45,1.06,0.35,0.47,1.89,0.41,0.72,0.7,0.33,0.98,0.4,2.24,1.31,0.75,7.4,0.87,0.69,1.57,2.79,0.43,0.95,3.29,0.58,3.5,2.15,0.23,1.16,0.27,0.6,6.56,1.37,0.8,0.65,0.87,1.66,0.49,29.24
12,Bierce_TheDamnedT_1,-0.9987,Bierce_TheDamnedT,"The Damned Thing
1898, From 'In the Midst of Life'","Bierce, Ambrose",1898,,,,m,1842,American,,pb-manual,0.76,0.48,1.41,1.85,1.16,1.36,2.43,1.18,1.58,4.12,4.92,1.3,1.13,2.23,0.82,0.44,6.3,1.03,1.69,0.77,0.91,1.27,1.03,0.49,1.9,1.09,1.83,2.48,1.25,1.95,2.55,1.07,5.86,7.26,1.08,1.39,2.53,0.44,2.89,0.89,0.64,2.04,0.95,1.46,2.34,0.76,1.25,0.69,2.67,4.66,1.03,4.38
13,Bierce_TheDeathOf_1,-0.9991,Bierce_TheDeathOf,The Death Of Halpin Frayser,"Bierce, Ambrose",1891,,Short Story,Gothic,m,1842,American,Peripheral,colors,1.4,1.49,1.48,1.25,1.82,1.36,2.34,2.14,2.04,1.41,2.32,1.47,1.98,4.55,1.67,1.16,1.64,2.9,1.89,1.12,0.96,1.39,1.69,2.87,1.42,2.38,2.18,1.48,3.63,1.19,1.85,1.11,2.4,2.59,0.96,1.49,2.55,1.34,1.67,1.29,2.4,2.99,0.8,2.82,2.22,3.09,3.12,1.55,1.09,2.44,2.89,0.69
14,Bierce_TheDevilsD_1,0.9998,Bierce_TheDevilsD,The Devil's Dictionary,"Bierce, Ambrose",1906,,,,m,1842,American,,pb-manual,2.54,2.21,1.57,1.69,3.81,1.13,1.36,2.19,1.37,2.15,1.73,1.61,0.96,6.04,3.18,1.42,2.43,1.11,2.92,2.11,3.32,3.42,0.7,6.43,1.64,1.15,0.88,0.77,1.0,0.97,0.81,0.86,0.51,0.98,1.74,2.14,0.71,4.16,1.05,1.23,3.98,3.98,1.37,0.6,1.11,2.69,1.06,1.71,2.98,0.76,1.31,0.49
15,Blackwood_TheWillows_1,0.9993,Blackwood_TheWillows,The Willows,"Blackwood, Algernon",1907,Edwardian,Novella,Gothic,m,1869,English,Peripheral,colors,0.5,0.52,3.22,0.39,0.77,0.92,0.53,1.2,4.41,0.72,2.97,1.2,1.76,4.57,0.52,0.77,1.02,2.25,0.79,0.39,2.53,0.49,0.93,0.26,1.04,2.13,3.91,1.24,3.33,1.77,2.88,20.7,4.85,4.27,0.76,1.2,1.01,0.56,1.8,1.12,0.46,0.37,0.21,2.55,2.12,0.4,0.75,0.46,1.63,2.18,0.77,1.86
16,Bonhote_BungayCast_1,1.0,Bonhote_BungayCast,Bungay Castle. A Novel,"Bonhote, Elizabeth",1796,Romantic,Novel,Gothic,f,1744,English,Peripheral,colors,3.3,2.06,2.86,2.14,3.18,1.43,2.52,2.31,0.72,1.55,1.58,1.9,0.79,1.65,2.37,2.49,0.98,2.19,3.01,1.56,0.95,2.71,3.17,4.67,3.61,2.39,0.77,0.76,1.42,0.85,0.96,0.88,1.09,1.3,1.96,1.33,1.06,4.82,1.99,1.33,1.2,3.3,0.69,1.35,1.4,3.91,2.18,1.81,1.4,0.87,2.19,1.07
17,Brontë_JaneEyre_1,-0.9992,Brontë_JaneEyre,Jane Eyre,"Brontë, Charlotte",1847,Victorian,Novel,Gothic,f,1816,English,Central,colors,7.84,0.83,0.99,4.31,2.7,0.8,4.62,2.31,0.46,1.55,0.75,0.88,0.86,0.73,4.92,2.93,0.54,0.7,2.68,4.92,0.77,1.36,0.78,2.58,0.5,5.81,0.82,0.83,0.22,0.93,1.13,0.25,0.34,0.4,4.47,3.12,0.44,2.15,0.47,1.97,3.41,2.2,1.94,0.52,1.03,5.83,1.07,5.66,0.86,0.23,1.11,0.46
18,Brontë_Villette_1,0.9999,Brontë_Villette,Villette,"Brontë, Charlotte",1850,Victorian,Novel,Gothic,f,1816,English,Peripheral,colors,1.7,4.99,1.61,1.93,1.41,1.56,1.66,1.22,1.2,1.29,1.71,1.59,1.28,2.07,1.95,2.88,1.42,1.31,0.8,2.86,1.36,1.18,3.19,1.62,1.44,3.3,1.66,1.1,0.47,2.95,1.02,2.01,0.58,1.26,7.33,2.1,0.8,1.1,1.38,3.82,1.8,2.55,2.34,1.93,0.82,1.82,1.77,1.9,0.81,2.03,2.91,3.21
19,Brontë_WutheringH_1,-0.9985,Brontë_WutheringH,Wuthering Heights,"Brontë, Emily",1847,Victorian,Novel,Gothic,f,1816,English,Central,colors,2.53,1.14,2.1,2.15,1.05,2.38,2.12,3.13,0.75,4.85,1.22,0.74,1.24,1.96,1.15,6.71,1.43,1.46,1.07,1.43,1.03,2.68,3.27,1.16,2.14,5.35,2.59,0.64,0.84,2.96,1.74,1.99,1.93,1.03,0.83,1.34,1.16,1.98,3.44,1.82,1.69,3.15,0.68,0.85,2.7,1.5,1.34,1.58,2.85,0.66,1.18,1.28
20,Brown_ArthurMerv_1,0.9997,Brown_ArthurMerv,"Arthur Mervyn; Or, Memoirs Of The Year 1793","Brown, Charles Brockden",1799,,Novel,Gothic,m,1771,American,Central,colors,10.15,2.1,0.64,5.04,0.71,0.86,8.57,2.12,0.81,2.77,0.53,1.08,0.96,1.25,1.25,3.04,0.56,0.76,0.69,3.96,1.01,0.84,1.29,1.35,0.66,2.77,2.82,0.71,0.41,1.4,2.34,1.54,0.74,0.27,3.35,1.17,0.91,5.47,0.88,1.42,2.59,2.77,1.7,0.56,0.58,5.06,1.78,2.3,0.65,0.27,0.95,1.58
21,Brown_EdgarHuntl_1,-0.9994,Brown_EdgarHuntl,"Edgar Huntly; or, Memoirs of a Sleep-Walker","Brown, Charles Brockden",,,,,m,1771,American,,pb-manual,5.77,1.55,1.18,3.8,1.73,1.0,1.45,1.46,1.14,2.98,0.72,1.17,1.74,0.65,1.27,3.99,0.77,1.62,1.62,5.63,1.44,1.5,1.11,2.14,1.53,3.16,1.45,1.11,0.58,1.3,0.74,0.46,0.64,0.31,3.09,1.35,2.22,1.98,0.7,1.13,7.32,2.5,0.83,0.8,1.1,7.7,1.81,2.78,1.9,0.95,2.66,0.47
22,Brown_WielandOrT_1,0.9997,Brown_WielandOrT,"Wieland; Or, The Transformation: An American Tale","Brown, Charles Brockden",1798,,Novel,Gothic,m,1771,American,Central,colors,7.39,1.64,0.7,1.48,1.61,0.65,1.33,0.63,1.11,0.72,0.8,0.97,3.16,1.11,1.06,1.99,0.57,1.18,0.86,2.91,0.61,0.67,0.28,14.73,0.54,1.68,0.92,0.37,0.18,1.81,1.6,0.55,0.33,0.37,4.88,0.67,0.79,5.43,0.28,4.67,2.09,2.67,9.7,0.52,1.04,1.73,1.05,5.03,0.47,0.23,1.79,0.44
23,Burney_CamillaOrA_1,1.0,Burney_CamillaOrA,"Camilla, Or A Picture Of Youth","Burney, Frances",1796,Romantic,Novel,Gothic,f,1752,English,Peripheral,colors,3.54,2.91,0.96,1.76,1.51,1.48,1.39,1.34,0.82,1.71,0.78,1.83,1.71,0.98,1.8,1.53,0.65,0.99,0.96,6.95,0.83,1.68,1.49,4.69,2.16,2.6,1.6,0.59,0.55,1.14,0.64,1.53,0.33,0.47,2.26,1.86,1.02,1.94,0.8,2.41,3.23,2.92,1.41,0.75,1.21,10.25,2.74,6.95,0.85,0.44,1.94,1.1
24,Burton_Vikramandt_1,0.9999,Burton_Vikramandt,"Vikram and the Vampire: Classic Hindu Tales of Adventure, Magic, and Romance","Burton, Sir Richard Francis",,,,,m,1821,English,,gutenberg,1.18,1.2,1.33,1.86,2.69,1.33,1.46,0.68,0.89,2.97,1.43,1.29,0.84,1.76,4.01,1.16,3.28,5.04,1.86,0.7,1.02,1.6,1.88,2.74,1.76,1.59,1.32,1.88,2.12,0.55,2.34,0.55,1.06,5.03,1.4,0.8,3.68,1.04,2.94,0.9,1.71,1.15,4.8,0.83,0.46,1.25,1.11,0.78,1.44,8.39,3.9,1.02
25,Byron_Manfred_1,0.996,Byron_Manfred,Manfred,"Byron, Lord George Gordon",1816,Romantic,Drama,Gothic,m,1788,English,Central,colors,1.29,1.88,0.92,0.86,1.11,1.29,2.61,1.91,0.73,2.4,3.15,1.73,1.19,1.46,2.6,2.01,3.54,2.82,3.12,2.09,3.05,1.49,2.63,1.18,1.74,1.05,1.25,2.29,3.55,1.35,1.8,1.0,2.83,2.57,2.3,1.1,2.38,1.14,3.67,0.95,3.01,0.73,1.0,2.82,0.82,1.51,1.91,1.69,2.03,3.38,1.33,1.77
26,Byron_TheGiaour_1,-0.9996,Byron_TheGiaour,The Giaour,"Byron, Lord George Gordon",1813,Romantic,Poetry,Narrative Poem,m,1788,English,Central,colors,0.72,1.07,1.34,0.67,3.04,2.13,1.36,5.17,1.87,1.24,2.91,2.06,1.58,2.06,1.59,0.88,2.01,1.42,1.17,2.56,3.9,0.99,0.97,1.17,2.35,2.17,1.36,2.28,3.67,0.82,2.06,2.12,2.06,1.88,1.33,2.34,1.27,1.91,4.98,0.66,1.47,1.06,1.05,1.28,1.27,0.78,1.67,1.31,1.39,8.08,1.42,2.11
27,Carver_TheHorrors_1,-0.9985,Carver_TheHorrors,The Horrors Of Oakendale Abbey,"Carver, Mrs.",1797,Romantic,Novel,Gothic,m,1768,English,Peripheral,colors,1.42,2.25,1.35,1.04,1.33,3.27,2.14,2.48,1.93,4.49,1.86,1.12,1.34,1.62,1.37,1.37,3.17,1.12,1.18,1.06,1.73,3.05,2.32,0.55,1.07,1.23,1.22,2.43,1.91,1.77,2.35,1.24,3.98,1.99,0.52,2.92,2.85,1.71,2.97,1.16,1.28,1.66,0.71,1.45,2.76,3.36,1.38,1.46,1.99,1.76,2.18,4.17
28,Chambers_InSearchof_1,0.9999,Chambers_InSearchof,In Search of the Unknown,"Chambers, Robert William",1904,,,,m,1865,American,,pb-manual,1.41,3.32,2.67,1.88,1.02,1.2,1.74,1.71,2.77,1.82,1.36,1.04,1.81,2.54,2.0,2.53,2.33,2.34,1.92,1.26,2.44,2.08,1.39,2.25,2.95,1.96,1.06,1.28,1.68,0.8,1.47,1.77,1.59,1.02,3.12,2.45,1.38,3.39,1.38,2.18,2.12,1.42,1.85,1.84,1.01,2.17,2.64,3.33,1.31,1.08,3.41,1.51
29,Chambers_TheHiddenC_1,0.9997,Chambers_TheHiddenC,The Hidden Children,"Chambers, Robert William",1914,,,,m,1865,American,,pb-manual,0.92,2.09,1.14,2.08,1.53,1.16,5.07,3.51,1.19,4.96,1.45,0.58,1.46,1.89,1.26,1.34,2.5,1.98,1.8,2.55,0.77,1.03,2.21,1.9,2.23,4.3,1.45,1.12,1.75,1.49,1.6,1.0,1.67,3.41,1.62,1.31,2.47,5.47,1.09,0.99,1.77,0.96,1.84,1.5,0.79,3.21,2.37,2.02,0.77,1.74,2.5,1.19
30,Chambers_TheKingInY_1,0.9996,Chambers_TheKingInY,The King In Yellow,"Chambers, Robert William",1895,,Short Story Collection,Gothic,m,1865,American,Peripheral,colors,1.2,1.66,0.8,2.05,4.33,1.19,2.73,4.37,0.88,1.71,1.65,1.13,0.88,1.31,2.57,1.77,1.75,3.31,1.7,2.35,0.8,1.34,1.95,5.95,2.11,2.94,1.02,0.89,1.92,0.81,1.09,0.87,1.2,0.79,1.12,1.76,1.23,2.25,2.49,1.09,2.52,2.29,2.37,0.94,1.55,1.32,2.21,5.42,1.17,1.41,5.0,0.82
31,Clarke_ForTheTerm_1,-0.9935,Clarke_ForTheTerm,For The Term Of His Natural Life,"Clarke, Marcus",1874,Victorian,Novel,Gothic,m,1846,English-Australian,Peripheral,colors,2.5,2.44,2.11,4.52,1.35,2.22,1.88,1.83,0.72,3.99,1.85,1.32,0.6,1.27,3.79,3.49,2.97,0.91,1.76,1.67,0.85,4.46,2.96,2.93,0.9,1.7,1.6,0.56,0.83,0.97,0.44,0.47,2.38,1.42,1.99,1.33,1.28,5.9,1.11,2.86,2.31,1.29,1.05,1.01,1.99,2.63,1.63,3.74,1.03,1.06,0.8,1.34
32,Coleridge_Christabel_1,0.9992,Coleridge_Christabel,Christabel,"Coleridge, Samuel Taylor",1798,Romantic,Poetry,Gothic,m,1772,English,Central,colors,0.48,0.8,6.56,0.58,1.28,2.51,0.32,0.78,2.15,0.63,2.17,1.43,2.05,3.32,2.22,0.48,1.26,3.6,1.33,0.56,2.14,4.19,3.58,0.3,0.85,0.65,0.37,3.68,0.84,1.12,3.45,3.01,8.67,1.75,0.4,0.77,1.13,0.87,4.32,0.86,0.7,0.45,1.27,1.27,0.66,0.69,0.71,0.71,2.09,11.29,1.99,0.72
33,Coleridge_TheRimeOfT_1,0.9917,Coleridge_TheRimeOfT,The Rime Of The Ancient Mariner,"Coleridge, Samuel Taylor",1798,Romantic,Poetry,Gothic,m,1772,English,Central,colors,0.86,0.98,3.1,1.07,0.85,1.74,0.71,2.15,1.1,0.55,2.13,4.33,1.87,4.19,1.49,0.72,1.51,1.6,1.0,0.55,2.54,0.99,1.77,0.75,0.74,1.62,0.84,1.36,6.25,1.12,1.47,2.57,4.04,1.53,0.88,0.92,1.49,0.88,5.05,1.12,2.33,0.97,0.57,5.24,1.94,0.53,4.69,0.73,3.92,3.14,1.56,3.93
34,Collins_TheMoonsto_1,0.9999,Collins_TheMoonsto,The Moonstone,"Collins, Wilkie",1868,,,,m,1824,English,,pb-manual,3.15,1.42,1.67,1.88,1.66,1.65,2.48,1.66,1.34,3.39,1.52,1.67,1.01,1.62,1.69,1.26,1.8,2.83,1.91,2.77,0.75,3.74,1.13,1.37,0.85,2.44,1.29,1.03,2.07,1.14,0.55,1.16,0.74,1.79,2.11,1.19,2.08,3.16,1.63,3.91,5.21,2.43,1.96,1.95,0.75,3.99,2.75,1.6,2.76,0.7,2.25,1.12
35,Collins_TheWomanin_1,1.0,Collins_TheWomanin,The Woman in White,"Collins, Wilkie",1860,,,,m,1824,English,,pb-manual,5.55,2.23,0.64,2.36,2.77,1.54,1.94,1.97,1.16,1.95,1.35,0.94,1.31,2.82,2.72,2.74,1.45,2.09,1.02,2.61,1.09,1.23,2.29,2.92,1.52,1.6,0.89,1.06,0.8,0.41,0.95,1.52,1.09,0.67,3.78,1.47,1.6,3.78,1.28,1.88,4.48,1.71,1.93,1.25,1.13,4.53,3.88,3.39,0.42,0.7,2.71,0.86
36,Cowley_Invocation_1,-0.9823,Cowley_Invocation,Invocation To Horror,"Cowley, Hannah",1788,Romantic,Poetry,Della Cruscan,f,1743,English,Peripheral,colors,0.41,0.59,1.88,1.11,2.21,1.22,1.18,0.93,1.15,1.76,1.94,0.86,0.71,1.29,1.34,1.07,1.53,2.19,2.75,0.67,2.18,1.61,1.74,0.97,1.28,1.97,0.86,4.74,4.41,1.21,1.83,6.44,4.77,2.19,0.54,1.34,2.41,0.73,3.37,0.53,1.77,1.84,1.34,10.52,1.36,1.21,1.46,1.29,1.48,1.84,1.81,2.15
37,delaMare_TheReturn_1,-0.982,delaMare_TheReturn,The Return,"de la Mare, Walter",1910,Edwardian,Novel,Gothic,m,1873,English,Peripheral,colors,0.81,1.65,0.64,1.36,2.29,2.4,1.72,2.1,1.34,1.53,1.4,3.13,1.79,1.71,1.07,1.34,2.84,3.44,2.26,2.35,3.8,1.24,3.44,2.04,2.76,4.27,0.79,1.64,1.85,1.02,2.09,1.19,1.08,1.02,2.57,1.45,0.65,2.45,1.35,1.37,2.93,4.79,3.16,2.97,0.5,0.97,1.87,1.32,1.39,1.74,1.66,1.44
38,DeQuincey_Klosterhei_1,0.9999,DeQuincey_Klosterhei,"Klosterheim, Or, The Masque","DeQuincey, Thomas",1832,Romantic,Novel,Gothic,m,1785,English,Peripheral,colors,5.05,1.56,1.28,2.1,3.08,2.03,3.41,3.77,1.3,3.31,1.17,1.01,1.04,1.22,1.54,4.23,1.25,1.92,3.28,1.66,0.97,1.28,2.39,1.17,1.14,2.29,0.94,0.95,1.57,0.7,1.25,1.22,1.55,2.81,2.43,1.88,0.84,1.65,1.19,1.22,3.0,1.56,1.71,2.01,1.65,3.82,1.36,1.94,2.9,1.2,2.68,1.53
39,DeQuincey_SuspiriaDe_1,-0.9957,DeQuincey_SuspiriaDe,Suspiria De Profundis: Being A Sequel To The Confessions Of An English Opium-Eater',"DeQuincey, Thomas",1845,Victorian,Short Story Collection,Gothic,m,1785,English,Peripheral,colors,1.56,1.99,2.49,8.31,1.33,2.44,2.07,1.95,1.52,2.24,1.87,1.09,0.78,1.46,6.85,1.71,0.96,1.43,2.01,3.12,1.78,1.88,2.45,2.25,1.91,1.03,1.21,0.92,0.83,3.69,1.08,0.78,2.03,1.04,0.9,1.86,2.0,1.6,1.5,2.18,2.87,3.12,0.97,1.55,1.54,2.53,1.22,1.75,1.04,1.19,1.15,0.96
40,Dickens_TheHaunted_1,0.9788,Dickens_TheHaunted,The Haunted Man and the Ghost's Bargain,"Dickens, Charles",1848,,,,m,1812,English,,gutenberg,0.57,2.01,1.53,1.01,1.21,2.0,1.88,2.19,2.56,3.13,2.11,0.89,0.74,2.49,4.01,0.99,8.35,1.15,0.93,0.78,1.09,1.81,2.15,0.63,1.51,1.84,1.56,1.64,3.99,1.23,1.79,1.01,8.98,2.08,0.53,0.88,1.75,1.94,1.85,1.5,1.19,1.62,1.2,2.1,1.72,1.06,1.17,1.0,1.91,5.31,0.86,0.57
41,Dickens_TheMystery_1,0.9999,Dickens_TheMystery,The Mystery Of Edwin Drood,"Dickens, Charles",1870,Victorian,Novel,Gothic,m,1812,English,Central,colors,0.29,0.24,3.53,0.43,1.34,2.6,0.47,0.77,7.31,0.4,1.54,1.0,0.75,1.75,3.47,0.26,2.96,2.72,0.78,0.35,1.67,0.87,3.22,0.31,0.67,0.52,1.39,2.24,9.3,0.55,1.93,5.3,5.66,1.04,0.31,1.37,3.13,0.45,1.62,0.99,0.59,0.32,1.16,2.74,1.59,0.3,0.7,0.33,1.4,10.48,2.06,2.82
42,duMaurier_Trilby_1,1.0,duMaurier_Trilby,Trilby,"du Maurier, George",1894,Victorian,Novel,Gothic,m,1834,French-British,Peripheral,colors,0.79,1.87,2.4,2.03,2.73,0.94,1.32,1.12,3.08,4.97,1.83,1.92,1.82,1.47,2.09,0.82,3.42,1.28,1.58,1.76,0.79,0.88,2.03,1.0,2.95,1.19,1.7,2.9,2.41,1.37,1.73,2.34,3.57,2.94,0.83,1.15,1.97,1.15,2.23,1.88,0.78,0.66,1.55,1.87,0.93,1.04,0.92,1.35,2.25,7.4,1.47,3.52
43,Falkner_TheLostStr_1,0.9999,Falkner_TheLostStr,The Lost Stradivarius,"Falkner, John Meade",1895,,,,m,1858,England,,gutenberg,3.1,1.32,1.36,8.02,0.78,1.94,0.74,1.67,0.62,0.94,1.12,3.82,3.39,1.34,1.47,2.71,0.69,0.81,1.56,2.58,0.46,1.17,1.99,1.96,1.56,2.95,2.95,0.68,1.0,3.06,0.37,6.49,0.44,2.26,4.53,1.29,1.89,1.72,0.82,1.31,1.56,2.31,1.58,0.9,1.56,2.51,1.77,1.69,1.35,0.87,1.31,3.73
44,Fenwick_Secrecy_1,1.0,Fenwick_Secrecy,Secrecy,"Fenwick, Eliza",1795,Romantic,Novel,Gothic,f,1767,English,Peripheral,colors,4.27,1.24,0.76,2.43,1.02,1.29,6.36,2.0,0.87,1.97,1.78,0.92,0.5,0.89,1.68,8.04,0.49,1.17,1.44,1.5,0.71,1.48,0.7,12.19,0.97,1.39,1.3,1.43,0.26,1.66,0.66,0.54,0.35,0.21,1.19,2.21,0.67,3.99,0.4,2.02,3.41,1.79,2.02,0.57,1.37,5.43,1.11,5.81,1.71,0.09,1.54,0.22
45,Ferris_TheInvader_1,-0.937,Ferris_TheInvader,The Invaders,"Ferris, Benjamin",,,,,m,1780,American,,gutenberg,1.1,1.75,1.33,1.39,0.59,1.38,2.27,1.13,1.75,0.84,0.66,1.12,2.59,3.64,0.67,2.29,1.35,1.21,0.89,0.62,0.57,0.87,3.96,0.49,2.63,2.53,0.57,0.96,1.49,6.88,1.43,8.85,3.19,0.99,1.64,1.81,3.91,0.97,2.65,1.53,0.63,2.47,1.17,1.33,0.77,2.71,1.48,0.68,1.75,3.38,1.2,5.94
46,Gaskell_ TheDoomOf_1,0.9999,Gaskell_ TheDoomOf, The Doom Of The Griffiths,"Gaskell, Elizabeth",1858,Victorian,Short Story,Gothic,f,1810,English,Peripheral,colors,1.11,1.85,1.27,2.86,2.21,1.79,1.5,1.72,0.71,4.64,1.21,1.29,1.08,1.91,9.74,1.42,3.59,3.53,1.51,1.43,1.35,1.03,4.0,2.73,1.27,1.23,1.04,1.36,2.41,0.71,1.75,1.02,2.4,0.75,1.12,0.79,1.16,1.33,2.19,1.3,4.47,1.24,1.62,3.25,1.08,3.1,1.11,2.57,1.44,1.59,0.58,0.62
47,Gaskell_LoisTheWit_1,0.9982,Gaskell_LoisTheWit,Lois The Witch,"Gaskell, Elizabeth",1861,Victorian,Short Story,Gothic,f,1810,English,Peripheral,colors,1.67,1.4,1.57,2.03,1.92,2.72,1.99,1.47,2.17,3.09,3.22,3.98,1.51,1.31,1.74,4.98,2.02,1.42,1.26,2.61,0.61,1.04,2.92,1.25,1.29,4.4,3.11,0.88,1.43,1.74,1.05,2.48,2.13,1.56,3.29,1.01,1.66,1.01,2.13,2.22,0.84,1.18,1.44,1.03,0.87,1.39,4.74,1.42,1.29,1.42,1.52,1.55
48,Gaskell_TheGreyWom_1,0.9998,Gaskell_TheGreyWom,The Grey Woman,"Gaskell, Elizabeth",1861,Victorian,Short Story,Gothic,f,1810,English,Peripheral,colors,0.92,1.38,1.61,1.1,1.82,1.43,0.71,1.18,2.77,0.79,1.73,1.53,1.06,2.67,0.71,0.96,1.62,1.11,1.3,0.51,4.31,1.99,2.89,0.39,1.07,1.55,2.31,1.85,2.3,2.97,1.77,7.86,3.57,2.23,0.83,0.95,1.19,0.85,1.77,0.82,0.88,1.32,1.34,9.6,0.86,0.61,1.77,1.31,2.05,4.86,1.28,3.74
49,Gilman_TheYellowW_1,0.9995,Gilman_TheYellowW,The Yellow Wallpaper,"Gilman, Charlotte Perkins",1892,,Short Story,Gothic,f,1860,American,Central,colors,1.56,1.39,1.57,1.65,4.73,1.26,1.05,2.56,1.92,1.77,1.71,1.41,2.44,3.19,2.27,0.75,2.21,2.75,2.2,0.78,1.62,1.65,2.96,2.57,1.01,2.99,1.2,2.8,3.37,1.42,2.2,3.08,1.57,0.51,1.13,4.11,1.89,2.09,1.14,1.31,2.55,1.19,2.49,1.66,1.15,2.14,1.58,2.13,1.31,2.23,1.17,0.62
50,Godwin_CalebWilli_1,1.0,Godwin_CalebWilli,"Caleb Williams; Or, Things as They Are","Godwin, William",1794,,,,m,1756,English,,gutenberg,3.34,1.58,1.12,1.05,1.18,1.15,2.95,2.19,0.62,15.35,1.4,0.76,1.34,0.98,2.64,3.0,1.0,2.04,1.96,3.31,0.89,1.49,3.65,2.25,1.45,1.69,1.51,1.85,1.06,1.27,0.79,1.08,0.68,1.21,1.22,2.09,1.34,2.71,1.75,1.29,3.09,1.61,1.67,0.71,1.25,3.25,1.96,1.38,1.59,0.78,1.54,0.98
51,Godwin_StLeonATal_1,1.0,Godwin_StLeonATal,St. Leon. A Tale Of The Sixteenth Century,"Godwin, William",1799,Romantic,Novel,Gothic,m,1756,English,Central,colors,7.04,1.75,1.28,2.04,2.77,1.7,1.87,0.65,0.42,3.68,0.63,1.06,0.5,0.76,2.89,2.33,0.79,1.56,1.38,7.15,1.11,0.97,0.53,9.54,2.15,3.08,1.04,0.88,0.41,0.67,0.58,0.42,0.5,0.3,4.43,1.07,0.8,3.05,0.83,1.09,4.48,3.57,3.07,0.63,1.65,2.67,1.8,4.3,0.59,0.31,0.82,0.4
52,Godwin_TheAdventu_1,1.0,Godwin_TheAdventu,The Adventures Of Caleb Williams,"Godwin, William",1794,Romantic,Novel,Gothic,m,1756,English,Central,colors,10.22,6.44,0.95,8.17,0.72,1.15,1.03,1.65,0.25,2.04,1.04,1.31,1.59,0.47,0.5,4.6,0.35,0.98,0.25,4.15,0.51,0.86,0.59,2.56,1.32,1.56,2.45,0.29,0.18,0.59,0.38,0.58,0.38,0.71,3.1,0.81,1.05,4.37,0.62,2.12,1.83,3.32,0.96,0.4,1.1,7.71,1.71,7.22,0.51,0.31,1.2,0.86
53,GriffithJo_TheMummyan_1,0.9999,GriffithJo_TheMummyan,The Mummy and Miss Nitocris: A Phantasy of the Fourth Dimension,"Griffith-Jones, George Chetwynd",,,,,m,1857,English,,gutenberg,0.66,1.28,1.72,1.32,0.8,1.61,0.85,1.29,1.34,2.14,3.1,0.91,1.59,1.11,3.75,0.88,4.44,4.17,0.68,0.87,1.8,1.7,2.01,0.91,1.2,1.53,1.74,2.52,3.22,0.58,1.39,0.57,1.84,5.37,1.98,1.71,2.05,0.71,1.92,1.44,0.84,1.21,1.52,1.88,2.23,1.21,1.77,1.14,1.92,10.2,2.47,2.9
54,Hawthorne_BeneathanU_1,0.9407,Hawthorne_BeneathanU,Beneath an Umbrella (From 'Twice Told Tales'),"Hawthorne, Nathaniel",1837,,,,m,1804,American,,pb-manual,0.38,0.74,2.64,1.39,2.56,2.57,0.43,2.9,1.77,0.33,2.4,3.4,1.42,2.08,0.79,0.64,2.25,2.23,0.78,0.71,2.75,1.17,1.55,1.97,1.07,1.02,0.36,1.26,8.99,0.61,3.45,3.9,1.49,2.03,0.36,1.15,1.09,0.96,1.54,0.6,0.68,0.93,0.82,13.25,1.1,0.95,2.93,0.93,2.62,2.3,1.33,2.42
55,Hawthorne_Chippingsw_1,0.9919,Hawthorne_Chippingsw,Chippings with a Chisel (From 'Twice Told Tales'),"Hawthorne, Nathaniel",1837,,,,m,1804,American,,pb-manual,1.43,4.37,3.9,2.02,1.25,2.94,2.62,1.29,0.8,1.8,2.49,1.27,1.79,1.08,0.76,3.81,1.68,1.29,2.96,1.77,0.97,1.34,3.72,1.22,1.31,1.1,1.79,0.99,1.83,1.4,1.03,2.49,1.23,2.78,1.07,1.23,2.88,1.15,3.03,2.79,2.23,2.67,1.05,1.38,0.88,1.63,2.1,2.04,1.92,2.3,1.7,3.46
56,Hawthorne_EdwardFane_1,0.9067,Hawthorne_EdwardFane,Edward Fane's Rosebud (From 'Twice Told Tales'),"Hawthorne, Nathaniel",1837,,,,m,1804,American,,pb-manual,0.96,1.02,1.92,3.66,3.18,2.2,0.62,1.88,3.66,1.18,2.39,2.17,0.98,2.51,1.16,1.34,7.33,1.51,2.35,1.22,3.25,0.88,1.88,0.79,1.72,1.19,0.7,3.63,3.4,1.61,2.59,0.98,2.16,3.84,1.4,1.55,1.0,0.95,1.39,1.13,1.4,1.85,1.21,1.62,0.58,0.73,1.15,1.47,0.93,2.27,4.54,2.96
57,Hawthorne_EdwardRand_1,0.9861,Hawthorne_EdwardRand,Edward Randolph'S Portrait,"Hawthorne, Nathaniel",1838,,Short Story,Gothic,m,1804,American,Peripheral,colors,0.61,1.38,1.12,1.32,1.46,0.95,0.79,5.42,3.29,1.63,1.35,1.44,1.41,2.46,2.32,0.69,3.18,1.19,1.58,1.58,3.19,2.12,2.33,0.77,1.03,0.86,0.89,2.02,6.26,0.57,4.15,0.92,3.46,3.29,0.78,0.89,1.08,1.14,3.1,1.18,0.82,1.49,3.04,6.98,2.16,1.13,1.22,0.69,1.34,3.36,1.46,1.16
58,Hawthorne_FancysShow_1,-0.9958,Hawthorne_FancysShow,Fancy's Show-Box (From 'Twice Told Tales'),"Hawthorne, Nathaniel",1837,,,,m,1804,American,,pb-manual,1.26,1.03,1.4,1.86,2.5,1.31,1.48,1.04,1.65,1.89,0.91,1.45,1.17,0.91,2.98,0.97,3.74,1.47,1.13,1.27,1.09,1.82,4.99,1.11,2.83,1.98,0.74,1.71,1.8,1.09,1.11,0.77,2.23,4.73,2.65,2.74,1.46,0.69,2.16,2.1,2.05,1.5,3.31,1.26,0.89,0.99,1.91,2.36,1.33,10.69,1.5,0.98
59,Hawthorne_Footprints_1,0.9991,Hawthorne_Footprints,Footprints on the Sea-Shore (From 'Twice Told Tales'),"Hawthorne, Nathaniel",1837,,,,m,1804,American,,pb-manual,0.5,0.48,0.57,0.38,0.38,0.96,0.39,0.39,0.45,0.16,3.22,0.91,3.7,0.69,0.38,1.02,0.33,0.79,0.3,0.58,0.4,0.31,0.45,1.52,0.28,0.84,5.72,0.48,0.41,1.27,0.75,45.31,0.55,1.19,1.07,0.78,1.54,0.38,4.21,0.72,0.29,0.75,0.13,2.74,0.43,0.64,0.93,0.82,0.4,0.85,1.33,5.9
60,Hawthorne_LittleAnni_1,0.9997,Hawthorne_LittleAnni,Little Annie's Ramble (From 'Twice Told Tales'),"Hawthorne, Nathaniel",1837,,,,m,1804,American,,pb-manual,0.27,0.43,1.85,0.71,0.75,0.88,0.39,0.7,2.12,0.44,0.94,0.64,3.24,0.83,0.65,0.4,2.65,1.62,0.6,0.3,1.56,1.68,1.87,0.23,2.16,0.59,0.64,2.48,4.19,1.56,0.94,5.97,4.26,6.57,0.27,0.78,2.43,0.42,5.21,1.44,0.42,0.32,0.65,4.74,1.9,0.23,2.42,0.35,2.04,15.05,1.0,5.2
61,Hawthorne_Mossesfrom_1,1.0,Hawthorne_Mossesfrom,Mosses from an old manse,"Hawthorne, Nathaniel",1846,,,,m,1804,American,,pb-manual,1.23,2.47,1.02,1.31,0.49,1.38,1.46,1.63,2.29,1.24,3.42,1.24,3.07,1.27,0.56,2.61,1.42,0.88,0.89,0.82,0.45,1.01,1.74,0.51,1.43,1.22,3.3,1.43,1.85,1.8,1.54,5.5,2.55,7.37,0.79,0.75,1.65,0.53,2.65,2.09,0.68,1.2,0.98,1.65,1.19,0.59,3.46,2.09,1.2,4.23,1.85,10.02
62,Hawthorne_Sightsfrom_1,0.9882,Hawthorne_Sightsfrom,Sights from a Steeple (From 'Twice Told Tales'),"Hawthorne, Nathaniel",1837,,,,m,1804,American,,pb-manual,0.67,1.15,5.0,0.95,2.93,1.18,0.55,0.9,2.33,0.66,3.89,1.41,1.11,1.97,1.75,1.63,2.42,3.87,0.71,0.61,5.81,0.73,2.72,1.09,1.79,1.95,1.01,1.62,4.95,1.12,0.98,2.78,1.08,2.6,1.65,2.76,3.33,0.62,0.9,1.1,1.32,1.38,1.33,4.96,1.11,0.77,1.68,2.25,2.07,2.21,1.64,3.01
63,Hawthorne_SnowFlakes_1,0.6557,Hawthorne_SnowFlakes,Snow Flakes (From 'Twice Told Tales'),"Hawthorne, Nathaniel",1837,,,,m,1804,American,,pb-manual,0.62,1.22,3.64,0.7,0.61,1.24,0.51,0.74,1.06,0.67,1.44,1.6,3.77,6.19,0.56,4.09,2.12,0.52,0.72,0.63,2.53,0.56,0.91,0.39,1.01,0.81,6.83,2.42,1.89,1.92,1.01,3.25,4.26,2.46,1.46,0.79,6.39,0.33,1.33,4.51,0.35,0.99,0.47,1.61,1.85,0.65,1.47,0.95,1.81,1.94,0.84,9.37
64,Hawthorne_SundayatHo_1,0.9995,Hawthorne_SundayatHo,Sunday at Home (From 'Twice Told Tales'),"Hawthorne, Nathaniel",1837,,,,m,1804,American,,pb-manual,1.2,0.83,2.68,1.31,1.53,1.46,1.09,2.4,1.84,0.55,3.3,5.97,1.84,3.79,2.25,0.6,1.63,3.64,0.61,0.8,1.81,2.41,1.11,1.57,1.49,0.83,1.41,2.64,2.32,1.48,2.68,2.87,1.45,1.95,0.78,1.85,1.39,0.93,1.73,1.69,1.16,2.22,2.65,5.78,2.88,0.84,1.17,1.12,1.64,3.11,1.75,1.95
65,Hawthorne_Tanglewood_1,0.9999,Hawthorne_Tanglewood,Tanglewood Tales,"Hawthorne, Nathaniel",1853,,,,m,1804,American,,pb-manual,2.35,1.5,1.48,1.62,0.74,0.83,1.36,1.71,1.48,1.53,2.14,1.02,2.43,4.47,0.93,2.51,1.25,0.67,1.43,0.68,1.19,1.34,1.32,1.02,1.69,0.79,2.34,1.08,0.89,3.5,0.99,13.19,1.3,1.25,1.43,1.94,0.87,0.84,2.2,2.38,1.38,1.66,1.75,1.05,1.03,0.96,3.04,2.32,0.96,3.24,1.27,7.67
66,Hawthorne_TheGorgons_1,1.0,Hawthorne_TheGorgons,"The Gorgon's Head
(From: 'A Wonder-Book for Girls and Boys')","Hawthorne, Nathaniel",1851,,,,m,1804,American,,pb-manual,1.95,1.05,1.82,2.35,2.62,0.65,1.89,3.33,0.97,2.8,2.26,2.2,1.84,1.7,3.77,2.59,0.82,2.34,1.43,1.91,2.32,1.38,2.33,1.84,3.31,1.55,1.21,0.92,1.9,1.07,0.76,2.23,1.24,4.65,3.08,1.18,2.57,2.09,1.03,1.15,1.19,1.08,1.95,2.58,1.84,3.38,1.61,1.74,0.59,1.39,1.86,2.7
67,Hawthorne_TheHaunted_1,0.7635,Hawthorne_TheHaunted,The Haunted Mind (From 'Twice Told Tales'),"Hawthorne, Nathaniel",1837,,,,m,1804,American,,pb-manual,1.75,1.18,2.28,1.62,1.22,1.93,0.96,1.4,2.79,0.9,5.73,1.1,1.6,1.79,0.87,1.3,2.12,1.44,1.28,1.74,1.73,6.57,1.65,0.91,1.34,1.44,3.69,2.0,3.17,0.85,1.41,0.74,3.22,2.92,2.21,0.75,1.93,1.11,1.17,1.36,0.68,1.22,1.94,2.52,2.53,0.96,2.34,4.53,2.05,1.94,2.16,1.97
68,Hawthorne_TheHouseOf_1,0.9997,Hawthorne_TheHouseOf,The House Of The Seven Gables,"Hawthorne, Nathaniel",1851,,Novel,Gothic,m,1804,American,Central,colors,3.5,2.16,1.04,2.05,0.96,0.96,4.41,1.79,0.84,2.22,1.16,1.88,1.43,1.61,2.18,1.66,1.49,1.04,2.19,1.64,1.39,1.11,1.66,2.1,3.47,1.39,3.07,2.86,2.72,1.32,0.8,0.53,2.69,1.37,2.1,1.0,1.24,3.18,3.18,1.54,2.97,2.0,2.69,1.53,1.6,1.62,1.58,2.77,1.64,2.88,2.26,1.52
69,Hawthorne_TheLilysQu_1,0.9984,Hawthorne_TheLilysQu,The Lily's Quest (From 'Twice Told Tales'),"Hawthorne, Nathaniel",1837,,,,m,1804,American,,pb-manual,1.27,0.59,1.07,0.93,6.3,0.74,0.44,0.7,2.09,0.34,1.85,4.69,1.72,1.59,0.95,0.72,2.29,3.84,1.31,2.08,1.96,2.22,3.1,3.49,1.2,2.95,0.52,1.75,2.61,0.68,3.43,4.07,1.23,1.27,0.93,1.55,0.68,0.73,0.66,1.72,0.95,0.54,9.75,3.31,0.62,0.66,2.07,1.25,1.63,3.26,2.84,0.87
70,Hawthorne_TheMiniste_1,-0.9957,Hawthorne_TheMiniste,The Minister'S Black Veil,"Hawthorne, Nathaniel",1836,,Short Story,Gothic,m,1804,American,Peripheral,colors,4.59,1.83,1.56,3.39,0.83,2.61,1.24,1.39,2.47,0.82,0.85,1.18,2.43,1.78,0.86,3.3,2.52,0.58,1.4,1.21,0.66,2.75,1.04,0.81,1.78,1.68,3.6,1.24,0.91,4.97,1.23,4.63,1.36,3.74,0.93,1.54,0.5,0.69,3.07,1.43,0.83,1.44,1.49,1.51,2.08,1.28,3.56,1.97,1.04,0.88,1.36,7.17
71,Hawthorne_TheMiracul_1,1.0,Hawthorne_TheMiracul,"The Miraculous Pitcher
(From: 'A Wonder-Book for Girls and Boys')","Hawthorne, Nathaniel",1851,,,,m,1804,American,,pb-manual,0.62,0.73,1.17,0.75,3.08,0.8,0.47,0.61,0.75,0.35,1.07,2.13,1.85,1.06,1.26,0.57,1.45,2.55,0.88,0.94,0.67,1.02,2.15,2.03,0.88,2.62,1.25,0.75,1.06,1.13,1.14,29.18,1.55,0.83,0.77,1.07,0.75,0.67,1.64,2.23,1.11,0.75,0.86,1.17,0.89,0.77,4.08,0.79,2.06,2.28,3.12,5.65
72,Hawthorne_TheParadis_1,0.9999,Hawthorne_TheParadis,"The Paradise of Children
(From: 'A Wonder-Book for Girls and Boys')","Hawthorne, Nathaniel",1851,,,,m,1804,American,,pb-manual,0.33,0.43,4.43,0.35,0.8,0.88,0.3,0.84,1.21,0.36,0.84,1.11,2.31,2.66,1.2,0.6,1.55,2.24,0.44,0.25,3.09,0.52,1.66,0.46,0.92,0.72,1.01,1.49,10.12,0.44,1.83,8.84,8.45,2.77,0.5,0.52,2.91,0.34,1.96,1.15,0.58,0.44,1.19,7.05,1.1,0.25,1.08,0.67,1.06,9.82,1.15,2.76
73,Hawthorne_TheSevenVa_1,1.0,Hawthorne_TheSevenVa,The Seven Vagabonds (From 'Twice Told Tales'),"Hawthorne, Nathaniel",1837,,,,m,1804,American,,pb-manual,1.67,0.99,1.51,0.83,0.95,0.77,1.78,1.1,1.35,0.8,1.53,1.53,2.04,2.69,0.67,1.26,2.19,0.64,0.73,0.89,1.09,1.19,2.83,0.43,2.39,1.8,2.36,1.77,2.71,3.41,1.97,5.06,1.99,6.53,2.03,1.54,0.75,1.34,6.48,1.6,0.69,0.86,1.05,1.33,1.79,1.8,3.1,1.8,1.93,3.52,1.46,5.49
74,Hawthorne_TheSisterY_1,0.9997,Hawthorne_TheSisterY,The Sister Years (From 'Twice Told Tales'),"Hawthorne, Nathaniel",1851,,,,m,1804,American,,pb-manual,2.5,1.14,0.72,1.79,5.38,1.83,0.77,0.95,0.93,1.37,1.46,6.9,2.6,1.76,0.93,1.33,1.78,1.67,2.15,2.15,0.73,3.14,2.18,4.65,1.88,3.08,1.98,1.67,0.74,1.32,0.67,1.95,1.33,3.1,2.0,2.68,1.02,1.09,0.95,3.15,1.54,1.13,2.57,1.7,1.27,1.63,1.45,1.79,1.72,1.41,1.68,2.67
75,Hawthorne_TheThreeGo_1,1.0,Hawthorne_TheThreeGo,"The Three Golden Apples
(From: 'A Wonder-Book for Girls and Boys')","Hawthorne, Nathaniel",1837,,,,m,1804,American,,pb-manual,0.31,0.78,3.43,1.14,1.05,1.38,0.52,1.19,1.65,0.65,1.25,1.38,1.32,1.33,0.88,0.42,6.14,1.73,0.44,0.3,1.24,1.16,2.93,0.34,0.72,1.47,2.11,1.38,3.55,0.48,1.35,3.06,12.45,2.3,0.53,0.8,7.5,0.96,5.36,1.46,0.88,0.83,0.48,2.49,1.05,0.6,1.17,0.9,1.82,5.3,1.71,4.35
76,Hawthorne_TheThreefo_1,0.9996,Hawthorne_TheThreefo,The Threefold Destiny (From 'Twice Told Tales'),"Hawthorne, Nathaniel",1837,,,,m,1804,American,,pb-manual,0.87,2.08,3.81,1.27,4.18,1.1,1.14,1.3,1.02,0.62,2.56,1.71,1.99,2.2,2.09,0.79,1.55,2.46,2.08,1.75,1.85,1.94,3.2,2.44,1.86,2.08,1.45,1.5,4.15,0.47,0.86,1.27,1.72,3.71,1.63,2.24,2.25,1.08,1.49,1.76,1.05,1.92,4.14,1.84,1.64,1.23,0.92,1.17,1.43,3.82,3.77,1.54
77,Hawthorne_TheTollGat_1,0.999,Hawthorne_TheTollGat,The Toll Gatherer's Day (From 'Twice Told Tales'),"Hawthorne, Nathaniel",1837,,,,m,1804,American,,pb-manual,1.53,3.41,1.68,1.52,1.32,1.33,2.57,1.54,0.66,0.75,1.3,1.0,1.93,1.3,1.57,1.5,1.92,1.62,1.1,0.69,1.02,2.67,1.48,0.72,0.81,1.1,2.39,4.6,5.66,1.11,1.2,1.61,2.55,1.14,0.54,0.69,2.04,4.4,13.21,0.7,1.16,1.03,0.42,1.78,1.29,3.32,0.92,0.94,1.24,1.3,3.75,2.98
78,Hawthorne_TheVillage_1,0.9998,Hawthorne_TheVillage,The Village Uncle (From 'Twice Told Tales'),"Hawthorne, Nathaniel",1837,,,,m,1804,American,,pb-manual,0.79,1.63,1.67,0.86,2.04,3.79,0.92,2.09,2.2,1.0,1.4,2.64,2.06,2.58,1.33,1.02,1.1,2.55,1.95,1.05,3.42,1.06,1.56,0.69,0.76,1.67,1.14,3.24,4.01,1.26,6.11,3.63,2.4,3.33,1.24,1.64,2.09,0.49,1.65,2.1,1.09,2.16,1.22,3.76,1.24,0.73,1.54,1.35,0.79,2.19,2.44,3.36
79,Hawthorne_TheVisiono_1,0.9989,Hawthorne_TheVisiono,The Vision of the Fountain (From 'Twice Told Tales'),"Hawthorne, Nathaniel",1837,,,,m,1804,American,,pb-manual,0.13,0.56,1.89,0.19,0.38,0.97,0.25,0.3,0.79,0.3,0.8,0.36,1.33,0.94,0.38,0.18,5.45,0.68,0.36,0.19,1.31,0.2,3.06,0.14,1.24,0.72,7.11,1.98,1.07,0.62,0.58,17.37,1.9,7.57,0.26,0.46,3.76,0.17,0.95,0.64,0.22,0.56,0.57,1.82,0.66,0.19,0.91,0.29,1.33,17.77,0.32,7.82
80,Hawthorne_TheWhiteOl_1,-0.9985,Hawthorne_TheWhiteOl,The White Old Maid (From 'Twice Told Tales'),"Hawthorne, Nathaniel",1837,,,,m,1804,American,,pb-manual,0.38,1.0,3.33,0.46,2.74,3.68,0.44,0.82,0.62,0.43,1.78,2.11,1.07,1.31,1.85,0.33,3.78,3.81,2.7,0.61,1.39,1.99,2.65,0.92,0.93,1.02,0.55,4.32,2.28,0.95,1.3,1.43,7.91,3.05,0.59,3.97,1.32,0.28,1.91,0.61,0.73,0.53,1.58,7.81,1.48,0.54,0.64,0.53,2.65,8.46,1.76,0.67
81,Hawthorne_TwiceToldT_1,-0.9904,Hawthorne_TwiceToldT,Twice-Told Tales,"Hawthorne, Nathaniel",1837,,,,m,1804,American,,pb-manual,2.23,1.38,1.52,2.69,0.79,0.89,2.78,2.8,0.69,4.56,0.64,0.61,1.48,0.93,1.76,7.06,0.76,0.85,2.04,0.77,0.61,1.32,1.76,4.16,1.58,2.43,1.58,1.2,1.1,1.15,1.08,0.53,0.44,1.21,3.47,1.81,1.81,8.89,1.46,1.84,2.86,1.49,1.11,1.02,1.38,6.98,1.75,2.86,1.29,0.7,1.11,0.75
82,Hodgson_TheHouseOn_1,-0.9216,Hodgson_TheHouseOn,The House On The Borderland,"Hodgson, William Hope",1907,Edwardian,Novel,Gothic,m,1877,English,Peripheral,colors,2.24,2.48,3.02,3.42,1.1,1.39,1.86,3.03,1.78,1.4,1.69,1.02,2.3,1.93,1.07,1.95,1.32,1.3,1.36,1.74,2.58,1.75,1.23,1.16,1.06,2.51,1.91,1.84,1.69,2.49,1.53,2.13,3.89,1.26,2.7,1.07,2.18,1.73,2.79,2.27,2.99,1.74,0.68,1.2,4.26,1.72,1.38,1.06,1.77,1.16,1.53,3.3
83,Hogg_ThePrivate_1,0.9998,Hogg_ThePrivate,The Private Memoirs And Confessions Of A Justified Sinner,"Hogg, James",1824,Romantic,Novel,Gothic,m,1770,Scottish,Central,colors,2.48,1.51,1.25,1.27,3.55,2.37,1.52,4.03,0.97,1.67,2.13,1.17,1.32,1.35,3.5,1.71,1.74,1.61,1.82,1.08,1.24,1.53,2.15,3.41,1.12,1.48,1.6,1.6,3.5,0.66,0.57,1.39,1.18,1.64,2.14,1.1,2.16,3.72,2.78,1.38,3.04,1.53,1.32,1.11,2.01,1.8,2.68,3.12,3.92,0.73,1.97,2.34
84,Holcroft_AnnaStIves_1,1.0,Holcroft_AnnaStIves,Anna St. Ives. A Novel,"Holcroft, Thomas",1792,Romantic,Novel,Gothic,m,1745,English,Peripheral,colors,1.63,1.07,3.31,1.54,2.53,1.06,1.02,1.71,1.18,0.88,1.32,1.99,0.76,1.24,1.46,1.51,0.85,2.09,1.6,0.84,1.91,2.3,2.99,4.58,1.55,2.94,1.77,1.57,5.16,0.63,1.74,4.01,1.39,1.6,1.61,1.68,2.03,4.22,0.83,1.1,1.42,2.3,1.15,2.36,0.75,1.23,1.42,1.58,2.59,6.13,1.63,2.21
85,Irving_TheAdventu_1,0.9565,Irving_TheAdventu,The Adventure Of The German Student,"Irving, Washington",1824,Romantic,Short Story,Gothic,m,1783,American,Peripheral,colors,1.42,3.62,1.88,2.78,2.71,3.41,2.63,0.81,0.89,3.33,0.97,0.97,1.14,0.82,3.62,2.27,1.58,3.17,2.11,1.97,2.13,2.22,4.78,2.56,1.62,1.43,0.81,1.07,1.33,1.07,1.49,1.3,1.51,1.26,2.62,1.64,1.09,3.21,0.84,1.54,4.17,1.82,1.24,1.09,0.94,5.44,1.42,1.53,1.76,1.09,1.39,0.47
86,Jacobs_TheMonkeyS_1,-0.9795,Jacobs_TheMonkeyS,The Monkey'S Paw,"Jacobs, William Wymark",1902,Edwardian,Short Story,Gothic,m,1863,English,Peripheral,colors,1.14,1.1,2.27,1.03,1.6,1.29,1.19,0.99,2.04,1.01,1.06,2.62,3.1,2.69,3.6,0.84,4.6,4.47,1.26,1.33,2.72,1.77,3.75,0.87,1.97,1.94,0.88,4.02,2.9,1.55,2.04,1.14,3.29,2.3,0.86,1.54,1.06,1.58,3.49,0.83,3.2,1.13,2.71,1.01,1.64,1.22,1.26,0.8,2.02,2.43,2.12,0.74
87,Jacobs_TheMonkeys_1,-0.9798,Jacobs_TheMonkeys,"The Monkey's Paw
The Lady of the Barge and Others, Part 2.","Jacobs, William Wymark",1902,,,,m,1863,English,,gutenberg,1.39,1.88,2.06,2.08,4.83,2.59,1.48,1.25,5.06,1.01,1.3,1.63,1.75,1.62,3.52,0.53,2.27,1.2,2.62,2.08,3.92,2.28,2.82,1.11,1.56,3.27,0.55,1.97,2.31,0.58,3.54,2.41,1.59,1.42,0.78,1.99,2.4,1.02,1.61,1.88,2.47,0.75,1.63,2.71,1.12,0.96,1.02,0.87,1.66,1.9,3.03,0.7
88,James_TheRealRig_1,0.9994,James_TheRealRig,The Real Right Thing,"James, Henry",1899,Victorian,Short Story,Gothic,m,1843,American-English,Peripheral,colors,5.23,2.07,1.14,2.62,1.33,1.98,2.13,2.31,0.76,1.38,1.28,1.37,1.24,1.1,1.16,1.69,1.73,0.87,2.47,9.72,2.0,1.8,3.26,3.36,0.71,2.88,0.82,0.89,0.78,0.62,0.78,0.6,0.69,0.52,1.31,1.93,0.62,2.43,0.48,1.18,5.94,2.96,1.96,1.16,0.83,2.09,1.55,8.01,1.32,0.79,1.49,0.68
89,James_TheTurnOfT_1,0.9999,James_TheTurnOfT,The Turn Of The Screw,"James, Henry",1898,Victorian,Novella,Gothic,m,1843,American-English,Central,colors,1.7,2.11,2.1,2.69,5.57,1.28,2.64,3.5,1.13,2.3,1.32,1.37,1.2,3.08,2.79,1.87,3.97,4.73,1.01,1.38,1.08,1.75,2.58,2.88,0.71,2.17,0.84,1.13,1.24,0.87,1.22,0.57,1.96,0.97,1.71,0.85,1.86,2.52,1.68,0.76,3.35,1.9,3.0,2.13,0.88,2.42,1.64,2.84,0.74,1.68,1.82,0.5
90,James_AThinGhost_1,0.9988,James_AThinGhost,A Thin Ghost and Others,"James, Montague Rhodes",1919,,,,m,1862,English,,gutenberg,1.44,1.67,2.01,0.86,1.46,1.51,1.13,0.79,1.12,2.6,2.28,1.55,1.37,1.56,0.98,1.79,2.95,1.53,2.19,1.38,2.72,1.91,3.93,0.82,3.08,2.3,1.98,1.63,2.42,2.6,1.49,1.28,4.0,2.64,1.31,1.84,0.79,2.21,2.63,1.83,1.25,0.97,2.37,0.73,0.98,1.11,1.33,2.51,3.02,1.29,1.63,7.23
91,James_GhostStori_1,0.9999,James_GhostStori,Ghost Stories of an Antiquary,"James, Montague Rhodes",1904,,,,m,1862,English,,gutenberg,1.11,1.2,0.99,2.83,2.2,2.18,2.06,3.56,1.16,1.26,2.86,0.98,1.58,1.32,1.01,1.06,2.02,1.33,1.72,1.23,1.71,0.97,2.92,1.71,3.37,2.37,1.4,1.3,4.18,1.35,3.97,1.6,2.23,1.78,2.08,2.32,1.47,1.66,3.33,2.01,2.66,1.27,0.87,3.52,1.25,1.49,1.41,1.13,2.24,1.92,2.95,1.94
92,Jerome_ToldAfterS_1,-0.9986,Jerome_ToldAfterS,Told After Supper,"Jerome, Jerome Klapka",1891,,,,m,1859,English,,gutenberg,1.63,2.35,1.14,2.03,0.69,0.93,4.18,2.56,1.15,6.86,0.93,0.82,1.05,1.83,1.52,1.52,6.48,0.87,1.86,0.56,0.95,2.44,2.09,1.61,2.41,1.46,0.75,1.97,2.04,2.19,0.68,1.57,3.32,3.98,0.74,1.45,0.89,1.2,2.43,2.03,2.96,1.12,0.92,0.9,1.38,1.55,0.96,1.38,1.52,2.03,0.92,7.17
93,Keats_IsabellaOr_1,0.9905,Keats_IsabellaOr,"Isabella, Or The Pot Of Basil","Keats, John",1820,Romantic,Poetry,Gothic,m,1795,English,Central,colors,1.27,0.6,2.2,1.33,10.36,0.75,0.63,1.24,2.61,0.35,0.86,1.99,0.99,4.12,1.29,0.6,1.88,1.57,1.43,1.47,3.66,1.03,0.86,3.3,1.33,1.19,0.59,1.59,1.36,0.48,4.18,7.1,1.27,0.5,2.02,1.15,0.97,0.89,0.9,1.31,1.42,1.29,6.39,1.4,0.71,0.56,3.08,0.58,1.12,2.58,6.95,0.7
94,Keats_LaBelleDam_1,0.1779,Keats_LaBelleDam,La Belle Dame Sans Merci,"Keats, John",1819,Romantic,Poetry,Gothic,m,1795,English,Central,colors,0.52,0.65,2.04,0.87,2.27,1.32,1.16,1.47,0.78,0.43,3.4,2.69,0.82,1.11,1.23,0.64,3.03,1.11,0.86,0.98,1.6,2.99,1.54,1.95,0.58,0.94,1.15,1.3,1.63,2.5,8.69,11.52,1.36,1.2,0.77,1.54,0.33,0.67,3.2,0.95,0.85,1.1,3.88,5.42,0.62,1.31,2.42,1.04,1.75,3.86,2.21,1.75
95,LeFanu_Carmilla_1,0.9999,LeFanu_Carmilla,Carmilla,"Le Fanu, Sheridan",1872,Victorian,Novel,Gothic,m,1814,Irish,Central,colors,1.56,2.33,1.39,1.82,1.95,1.77,2.26,1.31,1.16,0.68,1.51,5.27,1.44,1.89,1.22,3.56,0.77,0.92,0.59,5.32,1.14,1.46,1.33,3.89,1.53,2.17,2.45,0.88,1.49,2.06,0.69,1.89,0.66,0.62,10.29,1.31,2.42,1.52,0.44,0.77,1.39,3.96,1.8,2.17,1.54,2.55,0.96,2.79,0.93,0.92,1.86,1.37
96,LeFanu_UncleSilas_1,0.9996,LeFanu_UncleSilas,Uncle Silas: A Tale of Bartram-Haugh,"Le Fanu, Sheridan",1864,Victorian,Novel,Gothic,m,1814,Irish,Peripheral,colors,1.66,1.23,1.56,2.31,4.95,5.51,1.87,3.25,1.22,2.8,1.76,1.39,0.67,1.05,1.31,1.56,0.55,2.87,1.75,2.54,1.83,2.87,2.13,2.45,1.86,2.06,0.58,1.03,1.28,0.9,2.7,0.39,1.27,0.95,2.77,1.85,0.98,3.72,0.72,0.91,5.54,3.31,3.76,1.08,1.32,2.98,0.94,1.19,0.95,1.58,1.78,0.5
97,Lee_TheRecessO_1,1.0,Lee_TheRecessO,"The Recess, Or A Tale Of Other Times","Lee, Sophia",1785,Romantic,Novel,Historical Romance,f,1750,English,Central,colors,1.58,1.83,0.5,2.26,2.42,2.31,5.91,0.68,1.01,1.42,0.57,0.91,0.85,1.58,2.44,3.02,0.92,0.95,1.4,3.77,0.86,1.31,0.83,7.5,1.5,2.27,1.31,0.7,0.5,0.76,1.14,0.47,0.55,0.22,3.9,0.7,0.46,3.05,0.53,0.91,12.28,3.08,1.32,0.91,0.69,4.41,0.79,5.84,0.62,0.39,3.56,0.33
98,Leland_LongswordE_1,0.7862,Leland_LongswordE,"Longsword, Earl Of Salisbury. An Historical Romance","Leland, Thomas",1762,Pre-Romantic,Novel,Historical Romance,m,1722,Irish,Influence,colors,5.17,2.92,1.2,4.57,1.41,2.3,1.39,1.83,0.77,1.1,0.81,1.08,0.78,0.54,1.24,8.56,0.51,2.0,0.9,3.3,0.39,1.27,1.29,11.12,0.87,1.27,0.64,0.53,0.55,1.49,1.22,1.34,0.54,0.4,3.3,2.83,0.51,2.29,0.81,2.46,4.06,0.54,0.77,1.1,1.67,3.59,3.53,1.94,1.07,0.33,3.38,0.54
99,Lewis_AlonzoTheB_1,-0.9042,Lewis_AlonzoTheB,Alonzo The Brave And Fair Imogine,"Lewis, Matthew",1796,Romantic,Poetry,Gothic,m,1796,English,Central,colors,1.28,1.12,1.33,1.39,1.41,1.74,3.15,1.89,1.38,2.89,1.55,1.4,2.0,1.53,2.84,0.85,5.26,5.1,3.62,1.14,2.87,1.88,2.2,1.07,1.95,4.03,0.98,5.1,2.6,2.37,1.99,1.26,1.78,1.67,0.66,1.17,1.21,1.65,1.84,0.92,3.26,1.47,1.24,1.0,1.21,0.86,1.87,0.85,2.29,1.95,0.78,1.18
100,Lewis_TheCastleS_1,1.0,Lewis_TheCastleS,The Castle Spectre,"Lewis, Matthew",1797,Romantic,Drama,Gothic,m,1796,English,Central,colors,0.55,0.82,1.75,0.91,1.5,1.22,0.52,3.05,2.48,2.01,3.71,2.44,1.27,1.26,2.79,0.64,3.16,3.27,2.95,0.5,1.57,1.88,2.95,1.06,0.93,1.96,0.9,6.28,4.75,0.97,1.25,4.43,1.92,2.83,1.0,2.34,1.16,1.32,5.45,0.56,1.17,0.7,1.77,1.18,0.97,0.79,0.84,0.96,0.9,5.62,1.55,1.21
101,Lewis_TheMonkARo_1,1.0,Lewis_TheMonkARo,The Monk. A Romance,"Lewis, Matthew",1796,Romantic,Novel,Gothic,m,1796,English,Central,colors,1.06,1.7,0.63,1.32,3.2,1.67,2.52,2.58,0.8,2.08,0.78,1.24,1.04,3.72,6.81,0.88,1.95,1.79,10.93,1.34,2.95,1.04,1.67,0.73,1.27,2.75,0.64,0.92,1.0,0.59,1.11,0.57,2.47,0.5,1.35,1.39,0.68,10.79,1.67,0.81,2.42,2.56,2.61,1.02,1.02,1.87,0.85,1.11,1.42,0.8,1.11,0.27
102,MacDonald_ThePrinces2_1,0.9999,MacDonald_ThePrinces2,The Princess and the Goblin,"MacDonald, George",1872,,,,m,1824,Scottish,,pb-manual,0.62,1.72,1.64,0.99,1.08,1.23,0.97,1.32,0.91,2.59,1.76,2.07,0.95,1.6,3.34,0.73,1.45,0.93,1.26,0.74,1.66,1.91,3.82,0.54,1.97,1.04,1.29,2.2,2.62,0.93,1.19,2.04,7.62,3.82,0.52,0.74,4.82,1.37,5.03,0.92,1.36,1.13,0.75,4.42,1.24,0.73,0.99,1.22,1.66,6.52,1.84,4.15
103,Machen_TheAngelso_1,0.9961,Machen_TheAngelso,The Angels of Mons: The Bowmen and Other Legends of the War,"Machen, Arthur",1914,Victorian,,,m,1863,Welsh,,pb-manual,2.23,1.5,1.21,1.69,4.74,0.94,3.23,4.36,1.97,2.0,1.44,1.6,0.86,2.23,5.52,2.66,6.89,1.5,1.04,0.95,1.24,3.25,4.85,3.42,1.31,1.81,0.89,0.6,1.71,1.0,1.35,0.85,0.95,0.47,1.16,2.49,0.69,2.75,0.73,0.99,2.23,1.76,3.49,0.86,0.96,1.55,1.21,1.62,1.08,1.22,2.27,0.66
104,Machen_TheGreatGo_1,0.9922,Machen_TheGreatGo,The Great God Pan,"Machen, Arthur",1894,Victorian,Novel,Gothic,m,1863,Welsh,Central,colors,1.08,1.32,1.63,1.46,3.02,0.94,1.78,1.61,1.16,1.28,1.66,1.79,1.62,2.62,1.56,0.91,2.83,3.33,1.85,1.28,1.1,1.07,1.86,1.36,4.27,1.72,0.8,1.17,2.45,0.87,2.09,3.7,2.46,2.21,0.91,2.14,1.15,3.01,1.69,1.64,3.37,2.1,2.17,4.42,2.32,1.1,2.15,2.41,1.51,1.29,1.65,3.11
105,Machen_TheHouseof_1,0.9999,Machen_TheHouseof,The House of Souls,"Machen, Arthur",1906,Victorian,,,m,1863,Welsh,,gutenberg,2.66,2.05,2.28,4.54,1.06,0.63,3.22,1.83,0.51,2.9,1.19,1.48,0.99,0.82,1.59,4.51,2.43,2.85,1.11,1.54,1.71,1.96,1.98,2.5,1.36,4.02,0.92,1.01,0.91,1.56,0.65,1.63,1.35,1.09,1.9,0.97,1.08,5.7,1.72,3.92,1.4,3.53,2.12,0.48,1.12,2.88,1.32,2.33,0.8,0.61,2.63,2.62
106,Machen_TheThreeIm_1,-0.9875,Machen_TheThreeIm,The Three Impostors,"Machen, Arthur",1895,Victorian,Novel,Gothic,m,1863,Welsh,Peripheral,colors,0.8,1.78,2.33,1.6,1.49,1.78,0.81,1.82,1.8,0.83,1.43,1.35,1.23,3.2,1.35,0.83,4.38,2.29,1.07,1.27,2.07,1.95,2.2,1.06,2.11,1.73,0.95,2.59,3.74,1.11,3.28,3.49,3.96,0.93,1.08,0.87,3.34,0.88,2.74,1.2,0.75,1.31,3.05,2.74,3.7,1.29,1.19,0.86,1.18,3.63,3.01,2.55
107,Marryat_ThePhantom_1,-0.9994,Marryat_ThePhantom,The Phantom Ship,"Marryat, Frederick",1839,,Novel,Gothic,m,1792,English,Peripheral,colors,2.48,2.44,1.12,3.01,1.16,1.63,1.19,1.91,0.71,3.22,1.46,0.77,1.95,1.09,2.18,1.15,1.53,2.07,1.64,1.69,1.19,2.0,1.92,4.42,2.76,2.35,2.07,1.02,2.91,1.59,1.42,0.51,1.17,2.46,2.79,1.72,1.06,2.7,1.19,2.1,6.02,2.76,1.72,0.83,2.27,1.15,1.72,3.89,1.03,0.96,2.9,1.01
108,Marsh_TheBeetleA_1,-0.9999,Marsh_TheBeetleA,The Beetle: A Mystery,"Marsh, Richard",1897,Victorian,Novel,Gothic,m,1857,English,Peripheral,colors,3.39,2.58,1.53,3.35,1.4,1.3,1.82,2.28,2.28,5.19,1.35,2.05,1.0,1.28,1.97,3.0,1.28,1.16,3.29,1.31,4.07,2.8,1.78,1.86,0.82,2.6,1.03,1.58,0.94,2.18,1.34,4.13,1.59,0.56,1.66,2.64,1.28,2.07,1.24,2.47,2.39,1.34,0.91,1.51,1.32,2.48,1.64,2.44,1.13,0.61,1.79,1.02
109,Maturin_MelmothThe_1,-0.9999,Maturin_MelmothThe,Melmoth The Wanderer,"Maturin, Charles Robert",1820,Romantic,Novel,Gothic,m,1782,Irish,Central,colors,4.02,3.19,1.3,3.88,1.12,0.78,3.58,0.79,0.96,2.55,2.0,0.58,0.7,0.94,1.46,6.13,2.35,0.71,0.9,2.38,0.53,2.08,2.34,3.2,3.32,1.68,1.99,0.86,0.28,2.35,0.27,0.4,0.47,0.6,3.5,3.47,0.78,3.94,0.5,1.15,2.11,2.22,0.72,0.21,1.26,9.29,1.44,5.78,0.75,0.5,1.09,0.64
110,Moore_TheEpicure_1,0.9999,Moore_TheEpicure,The Epicurean. A Tale,"Moore, Thomas",1827,Romantic,Novel,Gothic,m,1779,Irish,Peripheral,colors,8.09,2.25,1.32,2.57,1.14,0.92,1.96,1.51,0.57,1.32,1.53,1.74,0.91,1.36,1.49,3.6,1.13,1.68,0.97,5.55,1.24,2.94,1.91,7.04,1.86,2.25,0.87,1.64,0.52,1.14,0.73,1.55,1.08,0.4,2.75,2.12,1.08,2.54,1.13,1.2,3.88,3.24,1.29,0.66,1.11,1.98,2.86,3.91,0.71,0.44,1.47,0.85
111,OBrien_WhatWasItA_1,-0.9989,OBrien_WhatWasItA,What Was It? A Mystery,"O'Brien, Fitz-James",1859,Victorian,Short Story,Gothic,m,1826,Irish,Peripheral,colors,2.29,2.5,0.7,1.65,1.78,1.64,1.24,1.93,1.93,3.11,1.23,1.03,1.05,2.53,2.15,1.15,3.01,1.51,1.93,2.55,1.34,1.86,2.5,3.0,1.41,2.46,0.72,1.06,1.77,0.81,0.8,1.43,1.76,1.5,3.59,2.24,1.64,2.43,1.87,1.5,2.66,2.14,2.74,2.3,0.82,1.97,2.55,3.01,1.79,3.29,2.16,1.97
112,Oliphant_ABeleaguer_1,0.9998,Oliphant_ABeleaguer,"A Beleaguered City, Being A Narrative Of Certain Recent Events In The City Of Semur, In The Department Of The Haute Bourgogne. A Story Of The Seen And The Unseen:","Oliphant, Margaret",1880,Victorian,Short Story,Gothic,f,1828,Scottish,Peripheral,colors,4.34,2.06,2.12,6.17,1.57,1.84,3.91,1.09,1.29,0.97,0.91,0.84,2.53,1.6,1.39,2.89,0.8,1.24,1.17,2.54,1.07,1.54,0.91,2.07,1.87,2.76,0.89,1.08,0.99,2.0,1.21,3.04,1.24,1.27,1.21,1.12,1.31,3.59,1.12,2.11,3.34,1.97,3.66,0.92,0.64,2.51,4.2,3.88,0.6,2.44,0.99,1.19
113,Palmer_TheHaunted_1,0.9999,Palmer_TheHaunted,The Haunted Cavern. A Caledonian Tale,"Palmer, John, Jr.",1796,Romantic,Novel,Gothic,m,1776,English,Peripheral,colors,1.84,2.3,2.11,2.38,2.4,0.95,1.67,1.7,2.79,1.34,1.11,1.67,1.2,1.08,3.43,1.42,4.32,1.75,2.72,2.21,2.12,2.49,3.06,2.44,3.44,1.62,0.9,1.36,1.34,0.71,0.97,0.77,2.05,1.16,1.96,2.1,0.98,1.04,2.11,1.66,5.58,2.14,2.6,0.92,0.89,1.81,1.51,1.95,1.17,1.19,4.32,1.23
114,Parker_TheLaneTha_1,0.9999,Parker_TheLaneTha,The Lane That Had No Turning,"Parker, Gilbert",1900,,Novella,Gothic,m,1862,Canadian,Peripheral,colors,3.27,2.99,1.39,2.6,2.54,1.58,3.48,4.25,0.7,1.98,1.15,1.86,0.9,1.77,1.91,2.31,2.03,2.21,2.84,2.97,1.27,1.77,5.43,2.13,1.08,0.87,0.93,1.17,0.5,0.82,1.4,0.78,0.82,0.83,1.14,1.61,0.47,6.65,0.97,0.77,6.89,1.25,5.12,1.08,0.72,3.18,1.03,0.71,0.76,0.89,1.32,0.89
115,Parsons_TheCastleO_1,0.9999,Parsons_TheCastleO,The Castle Of Wolfenbach,"Parsons, Eliza",1793,Romantic,Novel,Gothic,f,1739,English,Central,colors,2.52,2.06,0.98,1.44,3.82,1.18,1.3,2.87,1.78,2.28,1.25,2.9,1.58,2.07,1.67,1.76,2.55,2.44,1.65,1.58,1.09,2.4,0.99,1.76,2.22,1.32,1.2,0.94,1.17,1.22,1.65,2.52,1.87,1.62,2.73,1.59,2.18,2.25,1.87,1.15,2.72,3.19,3.01,1.64,1.02,1.73,4.5,0.94,2.26,2.29,1.79,1.48
116,Peacock_NightmareA_1,1.0,Peacock_NightmareA,Nightmare Abbey,"Peacock, Thomas Love",1818,Romantic,Novel,Gothic Parody,m,1785,English,Central,colors,3.41,1.44,1.46,1.67,5.43,1.99,0.64,1.5,2.03,2.67,0.98,1.1,1.07,4.89,2.88,2.29,2.0,2.35,2.05,2.59,1.73,1.25,1.02,4.75,1.57,2.46,0.77,2.64,1.71,0.72,1.27,0.94,1.82,0.54,1.72,1.97,1.67,5.37,1.58,0.6,2.91,1.73,1.37,1.64,1.97,2.79,1.01,1.39,1.31,1.06,1.51,0.78
117,Planché_TheVampire_1,0.9998,Planché_TheVampire,The Vampire,"Planché, James Robinson",1820,Romantic,Drama,Gothic,m,1796,English,Peripheral,colors,0.65,1.41,2.57,1.48,1.07,0.8,1.26,0.91,1.1,1.9,3.06,0.97,1.23,3.43,1.77,0.81,5.96,1.42,1.7,1.09,1.88,1.68,5.12,0.66,2.37,1.55,1.21,0.92,2.45,0.96,1.28,1.51,3.73,7.18,0.83,1.69,1.08,0.78,3.36,1.48,0.84,0.95,0.97,1.37,0.8,0.55,2.39,1.18,0.84,10.59,1.26,1.96
118,Poe_AnnabelLee_1,0.9965,Poe_AnnabelLee,Annabel Lee,"Poe, Edgar Allan",1849,,Poetry,Gothic,m,1809,American,Central,colors,0.65,0.6,0.87,0.85,6.81,1.02,0.9,5.79,0.91,0.91,2.01,2.08,1.54,1.61,4.7,0.69,2.16,3.84,1.5,0.96,3.19,0.69,1.84,1.01,1.34,1.18,0.41,1.24,2.16,0.37,2.15,0.55,1.28,0.52,1.06,0.92,1.55,0.58,1.31,0.47,2.09,0.76,3.17,14.7,0.58,0.69,2.2,1.57,1.87,5.94,1.85,0.35
119,Poe_Berenice_1,-0.999,Poe_Berenice,Berenice,"Poe, Edgar Allan",1835,,Short Story,Gothic,m,1809,American,Peripheral,colors,0.87,1.71,2.08,0.83,1.91,2.04,2.64,1.05,1.69,0.92,2.32,2.91,0.95,2.79,0.66,0.97,4.26,3.02,1.43,1.19,3.19,3.24,2.59,2.42,1.22,2.87,1.2,2.23,2.26,1.93,2.01,1.46,1.36,1.55,1.14,1.77,0.63,1.11,1.85,2.22,1.83,2.36,2.0,2.95,1.23,1.47,2.76,3.48,1.72,2.16,1.94,1.61
120,Poe_TheBlackCa_1,-0.9998,Poe_TheBlackCa,The Black Cat,"Poe, Edgar Allan",1843,,Short Story,Gothic,m,1809,American,Central,colors,0.62,0.88,1.22,1.81,1.26,2.04,2.27,0.88,5.04,2.27,1.5,2.43,1.9,1.49,1.19,0.79,1.7,2.71,2.94,1.4,5.33,1.29,5.35,0.81,1.24,1.05,1.13,3.88,2.24,1.57,1.93,4.63,2.73,2.05,0.69,1.74,1.32,1.81,0.89,1.64,0.86,1.1,1.71,0.82,2.95,2.32,1.77,1.33,1.1,3.44,2.29,0.64
121,Poe_TheFalloft_1,-0.999,Poe_TheFalloft,The Fall of the House of Usher,"Poe, Edgar Allan",1839,,Short Story,Gothic,m,1809,American,Central,colors,0.81,0.92,2.68,0.97,0.88,1.7,1.31,1.72,4.38,2.09,2.16,1.87,1.44,3.3,1.91,1.44,2.65,2.51,4.28,1.12,2.71,1.35,2.4,0.88,0.95,1.23,0.63,5.63,4.31,3.04,2.24,2.46,2.48,0.92,0.67,1.45,4.15,1.76,2.91,0.76,1.04,1.32,1.98,0.83,2.31,1.61,1.3,1.57,1.51,1.18,1.47,0.83
122,Poe_TheMasqueO_1,-0.9812,Poe_TheMasqueO,The Masque Of The Red Death,"Poe, Edgar Allan",1842,,Short Story,Gothic,m,1809,American,Central,colors,0.61,0.69,1.43,0.75,10.46,1.77,0.3,1.03,1.04,0.63,2.41,5.62,1.08,0.5,2.95,0.21,8.8,2.11,1.65,0.65,1.04,2.39,4.32,1.0,0.97,0.95,0.43,6.31,9.26,0.45,0.58,0.7,1.87,3.16,0.48,1.16,0.94,0.56,1.06,1.07,1.45,0.27,1.87,2.06,0.69,0.5,0.64,0.65,1.12,5.89,0.93,0.56
123,Poe_TheNarrati_1,-0.9978,Poe_TheNarrati,The Narrative Of Arthur Gordon Pym Of Nantucket,"Poe, Edgar Allan",1839,,Novel,Gothic,m,1809,American,Peripheral,colors,4.2,2.73,1.98,2.19,2.08,1.83,3.28,1.85,1.16,2.04,1.26,1.26,1.13,1.35,3.23,1.88,0.61,1.56,1.75,2.4,1.57,1.98,1.29,1.9,2.31,2.83,0.9,0.77,0.9,1.4,1.95,0.8,2.02,0.43,2.12,2.06,0.98,1.47,1.26,0.96,2.93,2.6,2.0,1.25,4.21,9.52,2.07,1.6,1.59,0.72,1.06,0.77
124,Poe_TheOvalPor_1,0.9972,Poe_TheOvalPor,The Oval Portrait,"Poe, Edgar Allan",1842,Victorian,Short Story,Gothic,m,1809,American,Peripheral,colors,0.33,1.01,1.28,0.99,3.4,1.46,0.41,1.12,12.92,0.93,4.12,2.7,0.68,1.63,0.69,0.4,2.52,0.82,2.31,1.49,4.68,4.53,1.59,0.85,1.33,0.55,0.38,3.63,2.81,0.82,3.54,0.77,4.38,3.22,1.28,2.19,0.54,0.45,0.32,1.86,0.37,1.04,7.95,1.02,0.5,0.6,0.54,0.87,1.32,2.57,1.78,0.5
125,Poe_TheRaven_1,0.9998,Poe_TheRaven,The Raven,"Poe, Edgar Allan",1845,,Poetry,Gothic,m,1809,American,,pb-manual,0.96,1.2,1.14,1.04,1.32,2.61,1.15,2.04,2.04,0.86,1.79,2.88,1.4,1.35,1.51,0.66,6.63,5.12,1.67,1.59,2.31,1.66,1.94,2.7,2.24,1.83,0.9,1.92,1.04,1.98,2.02,1.44,1.65,1.07,2.13,1.88,0.91,0.91,0.99,1.62,1.08,1.92,2.09,1.53,2.36,2.14,3.28,1.32,1.1,4.98,4.08,2.05
126,Poe_TheTellTal_1,-0.9985,Poe_TheTellTal,The Tell-Tale Heart,"Poe, Edgar Allan",1843,,Short Story,Gothic,m,1809,American,Central,colors,0.64,0.92,2.97,1.1,1.66,1.47,1.01,1.39,4.57,7.02,3.33,1.74,1.13,1.48,2.53,0.82,4.35,2.93,1.73,0.72,1.56,2.5,2.54,0.93,4.91,1.1,1.43,2.0,2.87,0.91,1.37,1.64,5.62,2.41,0.98,1.43,1.23,1.21,1.3,1.11,0.72,0.65,1.1,1.15,1.83,1.31,1.0,1.69,2.52,2.4,1.98,1.11
127,Polidori_TheVampyre_1,0.9998,Polidori_TheVampyre,The Vampyre. A Tale,"Polidori, John William",1819,Romantic,Novella,Gothic,m,1795,English,Central,colors,2.54,1.99,3.24,2.63,1.49,2.09,1.49,1.51,1.1,1.25,1.18,1.06,1.67,2.27,2.1,2.08,2.02,0.83,1.25,0.66,6.59,2.86,5.19,1.84,1.38,2.25,2.4,1.17,1.16,1.03,1.45,1.1,1.82,1.62,2.5,1.33,1.24,1.51,1.97,1.35,3.07,2.07,1.54,4.28,1.71,1.47,1.67,2.58,1.4,2.11,0.66,1.21
128,Radcliffe_ASicilianR_1,1.0,Radcliffe_ASicilianR,A Sicilian Romance,"Radcliffe, Ann",1790,Romantic,Novel,Gothic,f,1764,English,Central,colors,2.13,3.79,1.98,1.98,1.7,1.67,1.19,1.36,0.66,0.96,2.15,3.21,1.66,1.04,1.24,1.59,0.76,1.22,0.73,2.39,1.81,1.39,1.04,1.95,1.19,4.05,1.71,1.03,0.71,1.35,0.53,1.18,0.77,1.93,4.05,3.28,1.86,1.46,2.11,1.83,7.58,2.92,0.75,2.29,0.92,2.84,1.57,3.24,1.61,0.73,4.21,2.72
129,Radcliffe_Superstiti_1,-0.9818,Radcliffe_Superstiti,Superstition: An Ode,"Radcliffe, Ann",1790,Romantic,Poetry,Gothic,f,1764,English,Central,colors,0.37,0.45,0.89,0.67,1.7,1.59,0.95,0.97,1.51,1.34,2.49,2.57,1.55,1.09,2.12,0.28,2.54,1.85,4.1,0.93,1.96,0.87,3.73,1.52,0.96,0.78,1.15,5.05,4.66,0.48,10.44,1.29,3.2,2.35,0.49,2.54,0.42,0.57,5.44,0.37,2.41,0.63,1.23,6.14,1.4,0.84,0.62,0.61,1.85,2.81,2.42,0.79
130,Radcliffe_TheCastles_1,-0.999,Radcliffe_TheCastles,The Castles Of Athlin And Dunbayne,"Radcliffe, Ann",1789,Romantic,Novel,Gothic,f,1764,English,Central,colors,1.76,3.01,1.39,2.11,3.77,2.07,3.76,3.57,1.22,3.29,1.0,1.55,1.2,1.12,5.23,1.94,2.75,1.07,4.14,3.83,1.06,2.25,1.35,2.01,1.94,2.61,1.36,0.68,1.09,1.9,1.05,0.47,0.84,0.9,1.06,2.68,0.74,1.62,2.12,1.09,3.12,1.53,0.97,1.35,0.89,3.88,1.01,1.82,3.13,0.44,2.51,0.72
131,Radcliffe_TheItalian_1,0.9998,Radcliffe_TheItalian,"The Italian, Or, The Confessional Of The Black Penitents. A Romance","Radcliffe, Ann",1797,Romantic,Novel,Gothic,f,1764,English,Central,colors,2.57,1.27,1.43,2.35,1.26,1.23,2.85,1.51,1.43,2.98,2.84,1.15,1.21,3.95,1.93,2.51,3.32,1.91,1.2,1.75,0.86,2.83,3.02,2.18,2.16,1.25,1.47,1.73,2.46,2.09,0.58,0.79,1.07,0.89,2.08,1.21,3.14,4.47,1.53,2.38,2.92,1.75,1.06,0.73,2.05,3.13,2.35,1.64,0.81,0.67,1.95,2.1
132,Radcliffe_TheMysteri_1,0.9999,Radcliffe_TheMysteri,The Mysteries Of Udolpho. A Romance,"Radcliffe, Ann",1794,Romantic,Novel,Gothic,f,1764,English,Central,colors,3.6,3.11,2.73,1.17,2.05,0.9,1.71,1.33,0.86,1.09,1.78,4.0,1.86,1.33,1.55,2.83,1.71,0.83,1.33,2.92,1.38,1.86,1.3,1.58,3.2,2.29,3.44,0.69,0.8,1.07,1.52,2.55,1.38,0.98,3.03,0.94,2.45,1.86,1.14,1.82,2.57,2.26,1.38,1.37,1.44,2.92,2.54,2.66,2.24,1.12,0.91,4.63
133,Radcliffe_TheRomance_1,0.9962,Radcliffe_TheRomance,The Romance Of The Forest,"Radcliffe, Ann",1791,Romantic,Novel,Gothic,f,1764,English,Central,colors,2.71,1.86,1.08,3.6,2.3,3.53,2.99,3.79,0.99,4.96,0.87,2.26,1.35,0.75,2.19,4.19,1.04,1.58,1.47,2.66,1.07,0.78,1.72,5.94,1.17,4.57,0.82,1.9,0.72,1.57,0.96,0.65,0.77,0.8,1.45,1.68,0.74,2.68,2.11,0.91,3.92,1.69,2.04,0.88,0.62,3.81,1.4,1.43,1.84,0.56,2.13,0.5
134,Reeve_TheOldEngl_1,1.0,Reeve_TheOldEngl,The Old English Baron,"Reeve, Clara",1785,Romantic,Novel,Gothic,f,1729,English,Central,colors,2.41,1.79,0.77,3.93,7.8,1.48,1.49,1.27,0.79,1.83,1.0,2.04,0.76,0.88,1.4,3.76,0.9,1.82,1.46,2.79,0.84,2.02,0.67,6.89,2.01,1.05,1.15,0.45,0.4,0.54,0.54,0.32,0.39,0.36,1.4,1.8,0.97,4.09,0.37,0.87,9.82,2.64,4.16,0.4,0.47,3.88,1.43,5.39,0.36,0.45,3.06,0.46
135,Reeve_TheMysteri_1,0.9999,Reeve_TheMysteri,The Mysterious Wanderer,"Reeve, Sophia",1807,Romantic,Novel,Gothic,f,,,Peripheral,colors,8.16,2.02,0.55,3.53,2.77,0.6,1.23,1.1,0.57,1.49,0.48,1.68,0.94,0.84,1.35,1.91,0.32,1.07,1.01,7.36,0.54,0.79,0.9,8.02,0.86,1.76,1.02,0.58,0.22,0.64,0.83,0.7,0.3,0.22,10.89,0.75,0.69,1.2,0.37,0.69,5.82,0.92,3.55,0.68,0.54,8.09,2.63,3.81,0.45,0.16,2.1,0.34
136,Roche_TheChildre_1,1.0,Roche_TheChildre,The Children Of The Abbey. A Tale,"Roche, Regina Maria",1796,Romantic,Novel,Gothic,f,1764,Irish,Central,colors,6.18,1.07,0.69,2.07,1.39,0.64,0.81,0.89,0.44,0.43,0.77,2.4,1.48,1.46,0.85,4.75,0.37,1.05,0.63,7.06,0.56,1.59,0.88,16.52,0.68,1.94,0.99,0.7,0.2,0.54,0.42,1.24,0.19,0.2,2.93,1.15,0.57,4.45,0.5,0.91,3.23,0.87,2.78,0.55,0.4,2.07,2.36,7.35,0.53,0.2,6.47,0.62
137,Rymer_VarneyTheV_1,-0.9997,Rymer_VarneyTheV,Varney The Vampire,"Rymer, James Malcolm",1847,Victorian,Novel,Gothic,m,1814,English,Central,colors,0.64,2.33,1.29,1.63,1.07,1.11,2.54,4.51,0.88,2.8,2.27,1.17,2.02,1.63,2.18,0.68,1.8,1.21,3.12,1.25,2.01,1.79,1.09,1.13,2.0,1.11,0.93,0.85,3.97,0.68,2.62,0.42,2.72,3.02,1.26,1.61,1.27,1.34,1.41,0.66,1.28,0.95,1.21,3.76,1.77,1.14,0.99,0.99,5.16,10.36,3.51,0.86
138,Scott_GuyManneri_1,0.9998,Scott_GuyManneri,"Guy Mannering; or, The Astrologer — Complete","Scott, Walter",1815,,Novel,,m,1771,Scottish,,pb-manual,2.09,2.39,2.29,2.88,2.15,1.07,1.16,3.83,1.06,1.95,1.09,1.78,3.49,1.53,1.79,2.39,1.57,2.67,0.91,4.28,3.08,0.8,1.51,3.98,1.17,1.67,2.09,0.77,1.48,1.01,1.52,1.13,1.78,2.34,2.23,1.48,1.7,1.88,0.87,4.38,1.03,1.56,1.66,1.48,2.29,1.1,2.23,2.18,2.87,1.67,1.26,1.4
139,Crockett_RedCapTale_1,0.9998,Crockett_RedCapTale,"Red Cap Tales, Stolen from the Treasure Chest of the Wizard of the North","Crockett, Samuel Rutherford",1904,,,,m,1859,Scottish,,pb-manual,0.72,1.68,1.97,0.94,3.34,0.95,1.33,1.78,1.09,1.38,1.15,1.84,1.43,2.3,2.39,0.82,3.49,6.98,0.7,0.47,1.85,1.97,3.35,0.76,1.47,0.98,0.78,1.55,1.84,0.54,1.89,0.78,5.73,4.93,1.07,1.47,2.81,0.78,2.09,1.06,1.12,1.3,0.99,2.4,0.79,0.48,1.69,1.2,1.46,10.24,2.64,1.26
140,Scott_TheBlackDw_1,0.9997,Scott_TheBlackDw,The Black Dwarf,"Scott, Walter",1816,,Novel,,m,1771,Scottish,,pb-manual,5.81,4.34,1.35,2.37,1.16,1.35,1.99,1.29,0.74,2.31,1.24,0.93,1.44,1.06,1.63,1.21,1.13,1.61,2.12,6.62,0.86,1.03,2.13,3.19,3.68,2.5,1.21,0.58,0.8,2.69,0.57,0.95,0.56,1.11,3.56,0.57,1.13,4.68,0.94,1.98,4.93,5.09,1.29,0.25,1.2,3.83,2.03,1.86,0.74,0.6,1.16,0.61
141,Scott_TheLadyoft_1,1.0,Scott_TheLadyoft,The Lady of the Lake,"Scott, Walter",1810,,poetry,,m,1771,Scottish,,pb-manual,2.89,3.84,2.33,1.93,1.02,1.1,2.83,3.11,2.1,1.73,1.24,0.86,1.87,1.98,1.42,0.84,2.09,0.95,1.72,1.44,1.06,1.74,3.89,1.28,2.64,2.67,1.93,1.37,1.29,1.28,1.56,3.57,1.82,2.69,0.9,0.67,1.28,2.71,2.65,1.54,0.97,1.45,0.91,0.86,1.36,3.41,2.41,2.16,2.72,1.65,1.43,4.81
142,Scott_Woodstocko_1,0.9913,Scott_Woodstocko,"Woodstock; or, the Cavalier","Scott, Walter",1826,,Novel,,m,1771,Scottish,,pb-manual,6.86,1.35,1.81,2.28,2.56,1.4,6.1,1.95,0.77,3.07,0.81,1.06,1.4,2.37,2.72,1.67,1.37,1.72,1.91,1.95,1.91,1.0,1.2,3.48,1.52,2.13,1.37,0.67,1.01,1.39,1.02,0.42,1.27,0.58,3.48,2.81,3.12,3.88,1.11,1.41,3.54,1.45,1.82,1.13,1.83,1.13,3.15,1.68,1.26,1.3,1.15,0.67
143,Shelley_Frankenste_1,1.0,Shelley_Frankenste,"Frankenstein; Or, The Modern Prometheus","Shelley, Mary",1818,Romantic,Novel,Gothic,f,1797,English,Central,colors,2.98,1.92,2.75,1.75,2.82,1.54,1.15,3.05,0.95,1.18,1.18,2.02,2.71,2.27,2.19,2.7,0.59,1.59,1.26,1.6,1.74,1.03,1.56,2.06,2.29,1.09,2.4,1.11,2.11,0.95,0.82,0.92,0.79,2.13,2.94,0.86,2.52,1.35,1.67,1.35,2.74,1.43,0.76,3.64,4.27,1.15,1.28,3.56,1.97,4.23,3.4,1.69
144,Shelley_Lodore_1,1.0,Shelley_Lodore,Lodore,"Shelley, Mary",1835,Romantic,Novel,Gothic,f,1797,English,Peripheral,colors,2.78,3.58,2.03,1.99,1.22,1.44,1.5,2.12,0.78,2.73,0.76,1.56,3.05,1.61,1.2,1.39,0.72,1.46,0.98,1.94,0.64,2.34,1.37,8.91,1.82,2.29,3.6,0.66,1.48,1.73,0.75,1.24,0.68,1.96,2.83,0.99,1.38,2.43,1.83,1.01,4.37,3.21,0.77,1.16,1.85,4.71,1.21,2.58,1.89,0.64,1.25,1.59
145,Shelley_Mathilda_1,1.0,Shelley_Mathilda,Mathilda,"Shelley, Mary",1819,Romantic,Novella,Gothic,f,1797,English,Central,colors,1.83,2.23,1.39,2.94,0.94,1.82,2.22,2.01,1.9,2.63,1.91,2.97,1.42,0.54,1.22,2.37,1.28,0.81,4.09,3.42,1.17,1.1,0.99,1.31,1.33,1.9,2.11,1.32,0.91,6.13,2.56,0.51,1.07,2.86,5.48,1.59,1.38,1.8,1.42,3.84,0.85,2.0,1.48,0.68,2.56,1.79,1.8,1.74,1.67,0.78,1.41,2.54
146,Shelley_TheFortune_1,0.9999,Shelley_TheFortune,The Fortunes Of Perkin Warbeck. A Romance,"Shelley, Mary",1830,Romantic,Novel,Gothic,f,1797,English,Peripheral,colors,1.5,2.04,0.74,1.15,1.71,1.99,2.64,5.75,0.5,3.85,1.21,1.14,1.54,0.89,4.86,1.53,1.14,0.63,2.21,3.52,2.06,2.45,2.37,1.76,2.54,1.34,1.54,4.09,0.76,0.8,1.48,0.67,0.74,2.1,1.29,1.08,1.23,10.7,2.0,2.19,2.78,1.38,1.54,0.55,0.87,2.01,0.97,1.96,1.62,0.85,0.99,0.77
147,Shelley_TheLastMan_1,1.0,Shelley_TheLastMan,The Last Man,"Shelley, Mary",1826,Romantic,Novel,Gothic,f,1797,English,Peripheral,colors,0.8,1.83,3.53,1.85,2.46,1.26,1.32,2.01,3.03,0.86,1.2,2.6,1.1,1.46,3.32,1.47,1.83,7.17,1.75,1.2,3.68,1.32,3.15,2.36,2.22,1.51,0.89,1.02,1.53,0.71,1.62,1.23,1.98,0.91,2.05,2.63,1.28,1.15,1.29,2.11,3.89,1.64,1.32,4.01,1.22,0.75,2.27,1.54,1.8,2.47,1.67,0.72
148,Shelley_ValpergaOr_1,1.0,Shelley_ValpergaOr,"Valperga, Or, The Life And Adventures Of Castruccio, Prince Of Lucca","Shelley, Mary",1823,Romantic,Novel,Gothic,f,1797,English,Peripheral,colors,2.02,1.79,1.36,4.14,1.31,5.68,2.77,2.17,0.55,5.14,0.74,1.97,1.16,0.8,1.58,5.87,0.88,1.17,1.59,0.95,1.61,3.89,1.84,1.88,1.28,1.97,1.49,0.89,1.16,0.65,0.82,0.53,0.56,1.26,3.57,0.96,1.08,3.36,0.69,1.32,5.63,1.74,1.2,1.8,3.95,2.17,1.13,1.04,2.64,1.82,0.94,1.47
149,Shelley_StIrvyneOr_1,-0.9989,Shelley_StIrvyneOr,"St. Irvyne, Or, The Rosicrurian. A Romance","Shelley, Percy",1811,Romantic,Novella,Gothic,m,1792,English,Central,colors,0.7,1.01,2.41,1.32,2.36,1.48,1.38,2.1,1.39,4.35,2.43,0.8,1.27,1.05,3.05,0.9,1.95,2.17,2.43,1.88,1.44,2.56,3.17,1.0,1.15,1.49,1.6,1.56,6.24,0.88,2.04,1.41,2.35,2.15,1.15,0.69,2.07,0.89,6.56,0.79,1.43,1.39,0.44,2.4,2.7,0.95,1.68,0.96,2.63,2.17,4.7,0.94
150,Shelley_ZastrozziA_1,-0.9997,Shelley_ZastrozziA,Zastrozzi. A Romance,"Shelley, Percy",1810,Romantic,Novella,Gothic,m,1792,English,Central,colors,0.9,1.83,1.08,1.85,3.24,1.34,1.65,2.64,1.09,3.83,2.33,0.59,0.84,3.26,1.4,1.63,2.08,4.37,3.22,2.48,1.72,3.9,1.96,2.49,1.27,2.18,0.9,3.56,2.26,1.6,2.32,0.66,0.82,1.18,3.89,1.08,0.74,6.44,1.75,1.08,3.02,1.19,1.24,0.84,1.03,2.42,1.12,2.11,1.15,0.51,1.28,0.61
151,Sleath_TheOrphanO_1,0.9999,Sleath_TheOrphanO,The Orphan Of The Rhine. A Romance,"Sleath, Eleanor",1798,Romantic,Novel,Gothic,f,1770,English,Central,colors,12.53,3.22,2.29,5.76,0.62,0.8,1.35,0.56,0.46,1.96,0.8,2.89,1.3,0.76,2.64,5.74,0.66,0.55,1.58,2.3,0.46,1.79,0.99,1.68,0.96,1.27,1.5,0.65,0.33,2.81,0.55,0.43,0.5,2.09,2.0,4.51,1.28,2.44,0.69,1.56,1.51,2.93,0.61,0.51,1.44,3.8,2.68,3.13,1.17,0.47,1.17,3.36
152,Smith_EmmelineOr_1,0.9998,Smith_EmmelineOr,"Emmeline, Or The Orphan Of The Castle","Smith, Charlotte",1788,Romantic,Novel,Gothic,f,1749,English,Central,colors,1.72,2.08,1.05,1.16,1.68,2.15,1.7,3.03,1.16,2.44,1.22,1.78,1.26,1.71,1.34,2.48,1.87,1.24,3.3,2.8,2.19,0.99,2.04,1.57,0.94,2.11,1.59,0.99,1.58,1.78,1.16,1.68,1.88,1.45,3.59,1.95,0.98,0.72,1.76,1.65,5.18,3.1,3.38,1.39,1.33,2.93,3.12,4.43,1.32,1.53,1.16,1.37
153,Smith_TheBanishe_1,-0.9998,Smith_TheBanishe,The Banished Man,"Smith, Charlotte",1794,Romantic,Novel,Gothic,f,1749,English,Peripheral,colors,2.0,1.77,1.04,2.1,2.26,4.62,3.21,1.77,1.07,4.82,1.48,1.1,0.98,1.05,1.11,3.89,0.88,2.71,2.18,4.15,0.48,1.32,0.68,4.3,1.07,1.22,1.2,0.95,0.34,2.01,1.09,0.48,0.86,0.25,2.04,0.91,0.93,5.92,1.41,0.78,11.44,4.02,1.05,0.9,0.9,2.81,1.25,2.49,0.46,0.32,1.36,0.6
154,Smith_TheEmigran_1,-0.9996,Smith_TheEmigran,The Emigrants,"Smith, Charlotte",1793,Romantic,Poetry,Gothic,f,1749,English,Peripheral,colors,2.98,2.54,0.81,1.68,3.51,0.67,2.79,3.37,0.85,0.92,0.9,2.09,1.16,0.69,1.03,2.79,0.73,1.55,1.41,3.15,1.07,1.7,0.89,3.02,1.35,1.88,0.98,0.74,0.36,1.24,0.8,0.8,1.06,0.23,8.78,2.26,0.74,3.41,0.58,1.13,8.55,3.34,2.55,0.78,0.45,8.29,1.34,2.61,0.71,0.33,2.02,0.41
155,Smith_TheOldMano_1,0.9999,Smith_TheOldMano,The Old Manor House,"Smith, Charlotte",1793,Romantic,Novel,Gothic,f,1749,English,Central,colors,3.96,1.39,0.88,1.45,1.9,1.5,2.21,1.02,1.39,1.8,1.9,1.35,1.37,1.02,1.9,4.61,0.9,1.55,2.93,1.45,0.6,0.85,1.73,4.46,2.35,1.78,1.51,1.19,0.69,1.09,1.3,1.58,0.61,1.18,2.76,1.56,1.43,4.77,1.17,1.28,2.48,3.17,8.04,1.43,0.76,2.04,2.92,2.65,1.45,0.62,2.31,1.78
156,Smith_WrittenOnT_1,-0.9735,Smith_WrittenOnT,Written On The Sea Shore,"Smith, Charlotte",1784,Romantic,Poetry,Sonnet,f,1749,English,Peripheral,colors,0.56,0.4,2.95,0.56,0.41,1.32,0.72,1.07,8.52,2.75,7.95,1.59,1.97,0.87,0.88,0.42,1.48,0.86,1.45,0.64,1.1,0.93,0.53,0.24,0.53,0.44,6.74,6.76,2.37,3.03,4.21,1.6,1.72,7.9,0.91,0.91,2.14,0.37,2.49,1.03,0.51,0.81,0.24,2.23,1.51,0.63,0.64,0.46,3.87,1.64,0.62,3.51
157,Smollett_TheAdventu_1,1.0,Smollett_TheAdventu,The Adventures Of Ferdinand Count Fathom,"Smollett, Tobias",1753,Pre-Romantic,Novel,,m,1721,Scottish,Influence,colors,2.3,1.79,1.91,2.22,2.81,1.94,2.5,1.18,1.37,1.2,1.22,0.71,1.04,1.23,4.25,2.53,0.88,2.61,1.7,3.36,2.37,1.26,2.54,6.1,1.6,0.63,0.69,1.4,0.88,1.69,0.65,0.73,0.92,0.63,2.38,1.11,0.99,3.69,0.93,2.3,1.83,1.34,2.15,0.86,2.17,3.58,2.14,1.61,1.35,0.72,9.51,0.51
158,Spina_OldMrWiley_1,0.9996,Spina_OldMrWiley,Old Mr. Wiley,"Spina, Greye La",,,,,m,1880,American,,gutenberg,3.43,3.01,2.65,1.42,3.67,3.12,1.3,1.01,3.08,1.43,1.21,0.82,1.73,3.26,3.01,1.31,1.63,1.51,4.6,1.87,1.79,1.49,2.37,3.0,1.45,3.03,1.1,1.54,1.63,1.0,1.03,1.31,0.94,0.8,2.17,0.95,1.07,1.81,1.12,2.21,2.11,1.69,4.86,2.21,1.68,3.06,1.53,1.3,1.16,0.93,1.59,1.01
159,Stagg_TheVampyre_1,-0.9989,Stagg_TheVampyre,The Vampyre,"Stagg, John",1810,Romantic,Poetry,Gothic,m,1770,English,Peripheral,colors,1.19,0.82,1.17,1.2,2.93,3.35,1.3,1.29,2.24,2.93,1.95,2.87,1.04,4.84,2.17,0.83,2.01,3.9,1.4,2.44,2.32,0.86,3.82,3.09,1.05,1.55,0.69,2.41,1.97,1.33,2.24,0.93,2.37,0.67,1.46,2.43,1.94,1.09,2.33,1.07,1.29,2.31,2.2,4.02,1.01,1.41,1.57,1.71,1.95,2.45,1.91,0.68
160,Stevenson_AChildsGar_1,0.9999,Stevenson_AChildsGar,A Child's Garden of Verses,"Stevenson, Robert Louis",1885,Victorian,Poetry,,m,1850,Scottish,,pb-manual,0.58,1.08,0.94,0.75,0.47,0.64,0.63,1.23,1.34,0.8,0.81,1.56,1.86,1.08,0.44,0.7,0.71,1.31,0.64,0.28,1.15,0.42,2.65,0.34,1.02,1.28,1.9,3.34,7.37,1.06,1.45,19.4,1.64,3.48,0.49,0.94,0.44,0.34,6.73,0.71,0.51,0.38,0.42,1.85,1.03,0.73,4.56,0.56,3.19,4.24,0.91,7.64
161,Stevenson_TheStrange_1,0.9997,Stevenson_TheStrange,The Strange Case Of Dr. Jekyll And Mr. Hyde,"Stevenson, Robert Louis",1886,Victorian,Novel,Gothic,m,1850,Scottish,Central,colors,3.33,2.24,0.69,1.7,1.88,1.08,1.31,2.82,2.27,3.79,0.87,1.16,1.37,4.97,2.73,3.75,2.38,1.88,2.31,2.2,1.17,1.77,1.57,2.54,1.01,1.65,1.3,1.72,2.95,0.73,1.44,0.62,1.0,1.03,2.11,1.39,1.6,3.14,1.07,1.8,1.38,1.1,4.19,0.9,1.24,4.0,1.88,3.09,1.27,1.39,2.13,1.11
162,Stoker_Dracula_1,0.9999,Stoker_Dracula,Dracula,"Stoker, Bram",1897,Victorian,Novel,Gothic,m,1847,Irish,Central,colors,0.55,1.01,1.84,1.13,2.56,0.5,0.56,1.49,2.0,0.69,2.87,0.91,1.57,3.45,0.54,0.71,7.16,1.41,1.01,0.83,1.42,0.79,1.37,0.45,3.64,1.88,1.4,1.47,7.74,1.31,1.47,2.23,3.4,3.69,0.49,0.57,3.38,0.61,2.39,1.64,0.75,0.6,0.78,1.27,1.91,0.88,1.67,0.96,1.11,13.06,1.36,1.58
163,Stoker_DraculasGu_1,0.999,Stoker_DraculasGu,Dracula's Guest,"Stoker, Bram",1914,,,Gothic,m,1847,Irish,,pb-manual,1.3,1.7,2.7,1.4,1.42,2.19,3.28,2.59,1.56,7.57,2.33,0.67,0.95,1.75,1.16,1.06,2.53,1.04,1.98,1.62,1.98,2.28,1.59,0.83,1.9,1.44,2.4,3.2,2.52,2.03,1.64,0.56,4.02,2.89,0.78,2.42,0.91,0.99,2.68,0.66,0.91,1.65,1.18,2.92,3.46,1.2,0.97,0.97,2.68,3.54,0.88,1.11
164,Stoker_TheJewelof_1,0.9999,Stoker_TheJewelof,The Jewel of Seven Stars,"Stoker, Bram",1903,,,Gothic,m,1847,Irish,,pb-manual,0.41,0.64,0.93,0.53,2.17,1.24,1.1,0.96,1.43,0.68,4.29,1.73,1.64,2.52,1.9,0.8,1.59,1.53,1.23,0.51,1.95,1.56,2.68,0.67,1.16,0.95,1.93,3.5,5.48,1.79,3.13,4.8,3.74,2.33,0.94,1.63,3.11,0.58,3.63,1.22,0.47,1.1,1.61,1.94,1.68,0.86,3.98,0.57,1.48,6.45,1.78,3.47
165,Stoker_TheLadyoft_1,0.9999,Stoker_TheLadyoft,The Lady of the Shroud,"Stoker, Bram",1909,,,Gothic,m,1847,Irish,,pb-manual,1.17,1.94,0.97,3.19,0.69,4.85,3.5,2.28,1.39,2.58,1.97,1.08,1.38,1.41,0.74,0.81,1.06,0.99,1.38,2.49,1.16,0.99,1.16,1.06,0.57,1.44,3.64,0.95,0.88,3.51,2.3,0.84,1.39,3.54,2.4,0.93,4.13,1.45,1.52,5.7,1.06,2.47,0.71,1.95,2.77,1.44,1.27,1.35,2.12,0.94,1.22,7.28
166,Stoker_TheLairOfT_1,1.0,Stoker_TheLairOfT,The Lair Of The White Worm,"Stoker, Bram",1911,Victorian,Novel,Gothic,m,1847,Irish,Peripheral,colors,1.49,3.47,0.93,1.19,0.62,2.93,2.16,0.55,1.1,0.66,0.61,2.34,2.15,0.98,0.94,4.06,0.34,1.22,0.93,1.2,0.36,1.32,1.86,1.47,1.86,2.89,2.09,0.35,1.41,3.94,1.06,7.96,0.84,3.81,4.28,1.16,1.43,1.15,3.32,3.87,1.95,1.88,1.28,0.72,1.69,2.75,2.79,1.54,1.03,2.14,1.33,4.59
167,Stoker_TheMan_1,1.0,Stoker_TheMan,The Man,"Stoker, Bram",1905,,,Gothic,m,1847,Irish,,gutenberg,0.42,0.84,2.5,0.3,2.29,1.57,0.58,0.66,5.99,0.43,1.03,3.18,2.5,1.37,0.66,0.53,5.99,0.63,0.8,0.56,2.27,0.64,1.74,0.39,2.16,1.77,0.59,1.21,7.83,2.75,0.77,4.24,5.42,1.71,0.71,0.8,2.09,0.27,5.32,1.1,0.28,0.56,1.72,1.97,1.11,0.54,1.8,0.35,1.01,6.12,1.64,6.33
168,unsigned_CountRoder_1,0.9994,unsigned_CountRoder,"Count Roderic'S Castle, Or, Gothic Times. A Tale",unsigned,1794,Romantic,Novel,Gothic,,,,Peripheral,colors,3.34,3.04,1.97,4.13,2.67,1.61,2.23,1.11,1.18,2.2,0.79,0.53,1.31,0.76,1.07,6.42,0.6,0.95,0.8,3.59,0.51,1.09,0.75,7.33,1.88,4.47,1.92,0.6,0.4,1.61,0.3,1.15,0.39,0.56,2.17,0.66,0.92,4.34,0.75,0.92,4.11,2.42,1.72,0.54,3.1,3.15,1.49,5.63,0.85,0.42,2.54,1.0
169,Viereck_TheHouseof_1,0.9999,Viereck_TheHouseof,The House of the Vampire,"Viereck, George Sylvester",1907,,,,m,1884,American,,gutenberg,0.62,0.6,1.9,1.69,5.01,3.22,0.79,1.63,1.24,1.25,1.28,2.57,1.12,0.97,3.77,0.68,3.69,3.35,2.4,1.01,1.28,2.25,1.49,2.12,1.11,0.87,0.42,1.51,4.18,0.86,2.11,1.32,1.46,1.53,1.65,3.24,0.98,0.9,2.99,1.03,2.64,0.77,6.8,5.68,0.84,0.92,0.75,1.27,1.12,4.5,2.09,0.52
170,Walpole_TheCastleO_1,-0.9988,Walpole_TheCastleO,The Castle Of Otranto,"Walpole, Horace",1764,Romantic,Novel,Gothic,m,1717,English,Central,colors,1.4,1.46,1.08,1.86,2.4,1.14,0.82,2.49,1.3,1.36,1.43,3.17,1.02,1.93,1.39,1.94,1.49,4.11,1.92,2.56,0.95,1.48,1.22,5.11,1.39,3.96,1.5,0.97,1.03,0.78,1.28,1.12,1.25,0.77,2.68,2.62,0.86,3.1,0.78,1.43,3.85,5.18,3.57,1.13,0.66,5.67,3.01,1.34,0.88,0.88,2.34,0.95
171,Wharton_Afterward_1,-0.9529,Wharton_Afterward,Afterward,"Wharton, Edith",1910,,Short Story,Gothic,f,1862,American,Peripheral,colors,2.59,2.96,1.89,2.46,1.11,0.97,2.71,1.83,1.12,3.23,1.48,0.83,1.62,2.31,1.02,1.55,1.99,1.68,1.99,1.96,1.84,1.14,1.11,5.96,1.23,2.32,0.96,0.85,0.82,1.17,0.95,1.08,0.99,1.1,2.06,1.38,1.38,2.75,0.83,5.31,1.37,2.43,1.53,1.04,1.62,9.7,1.68,3.06,1.03,0.54,2.3,1.14
172,Wilde_Salome_1,0.99,Wilde_Salome,Salome,"Wilde, Oscar",1894,Victorian,Drama,Gothic,m,1854,Irish,Peripheral,colors,2.2,2.35,1.31,1.55,4.66,1.93,2.23,3.1,1.62,1.18,1.21,3.02,1.1,0.88,3.67,1.18,2.02,2.61,3.47,1.57,1.98,1.46,1.02,4.97,1.9,1.32,0.95,1.57,1.05,1.07,1.39,0.57,0.94,0.71,3.09,0.97,0.8,2.71,0.63,0.93,2.61,3.43,6.83,1.83,0.79,3.17,1.39,1.25,1.89,0.64,2.75,0.52
173,Wilde_ThePicture_1,1.0,Wilde_ThePicture,The Picture Of Dorian Gray,"Wilde, Oscar",1891,Victorian,Novel,Gothic,m,1854,Irish,Central,colors,0.65,0.94,1.44,1.19,5.58,4.49,1.34,0.87,6.76,1.1,1.28,2.61,1.61,2.54,1.72,0.63,3.32,2.2,3.09,1.83,1.14,1.52,2.29,4.31,1.41,0.67,1.19,1.79,3.64,0.78,4.5,0.88,0.99,0.74,1.3,2.17,0.9,0.92,0.67,1.82,2.65,1.58,4.75,2.01,1.06,2.0,0.87,0.63,1.17,2.3,1.59,0.55
174,Williams_JuliaANove_1,1.0,Williams_JuliaANove,"Julia. A Novel, Interspersed With Some Poetical Pieces","Williams, Helen Maria",1790,Romantic,Novel,Gothic,f,1759,English,Peripheral,colors,7.37,5.25,0.91,2.83,2.19,2.45,2.28,1.0,0.48,1.77,1.13,1.0,1.69,1.1,1.91,5.31,0.55,0.89,1.59,3.89,0.79,1.85,0.88,4.68,1.17,2.5,1.44,0.72,0.36,0.54,1.78,1.05,0.48,0.23,2.76,1.07,0.94,2.38,0.48,1.61,1.87,1.09,7.01,1.01,0.84,3.82,1.21,6.13,1.23,0.27,1.75,0.42
175,Lytton_Falkland_1,0.9999,Lytton_Falkland,Falkland,"Lytton, Edward Bulwer Lyt",1827,,,,m,1803,English,,pb-under,4.94,3.4,1.25,3.41,0.87,1.65,1.96,1.72,1.42,1.61,1.85,1.38,2.34,1.2,1.09,3.62,1.23,1.05,1.55,3.64,0.84,1.6,0.6,3.07,1.57,0.83,1.35,0.65,0.41,1.4,0.9,0.44,0.71,0.92,2.44,2.63,0.79,5.15,0.97,5.54,2.8,2.51,1.2,0.48,1.29,7.05,2.12,4.08,0.92,0.61,1.86,1.11
176,Lytton_Falkland_2,0.9999,Lytton_Falkland,Falkland,"Lytton, Edward Bulwer Lyt",1827,,,,m,1803,English,,pb-under,1.08,2.03,1.15,3.4,2.15,1.99,1.02,0.58,1.73,1.01,2.24,4.42,3.19,0.86,1.05,2.49,0.73,4.69,0.91,4.09,1.17,0.5,0.59,1.29,1.38,1.21,1.25,1.16,0.34,1.64,1.95,11.7,0.64,0.84,4.09,1.53,2.02,1.64,1.35,1.75,0.79,1.79,0.48,1.33,1.5,1.39,3.68,3.47,0.48,0.27,5.16,0.81
177,Lytton_Falkland_3,-0.9997,Lytton_Falkland,Falkland,"Lytton, Edward Bulwer Lyt",1827,,,,m,1803,English,,pb-under,0.76,2.1,1.6,1.01,1.29,3.61,1.4,2.64,2.51,1.64,1.21,2.2,2.15,1.36,3.05,0.82,5.1,2.15,2.34,1.07,1.66,2.04,2.01,1.11,1.61,2.8,1.04,2.94,3.42,1.19,3.52,0.68,2.21,1.46,1.42,0.7,3.51,1.64,2.29,0.72,1.71,1.12,0.75,4.27,3.33,1.22,1.78,1.17,1.61,1.66,1.83,1.56
178,Kipling_ThePhantom_1,-0.9999,Kipling_ThePhantom,"The Phantom Rickshaw, and Other Ghost Stories","Kipling, Rudyard",1888,,,,m,1865,English,,pb-under,2.45,2.06,2.28,2.86,2.48,2.6,1.66,1.77,1.69,1.33,1.35,1.54,1.09,2.46,1.38,1.6,2.07,1.9,1.4,2.58,1.46,3.47,1.96,1.94,1.53,1.73,1.49,1.69,2.26,1.32,0.71,1.75,2.13,1.31,1.04,2.01,1.13,1.42,1.82,1.19,2.21,1.42,2.83,1.86,1.23,2.16,4.93,1.81,2.83,2.01,2.55,2.25
179,Kipling_ThePhantom_2,-0.9898,Kipling_ThePhantom,"The Phantom Rickshaw, and Other Ghost Stories","Kipling, Rudyard",1888,,,,m,1865,English,,pb-under,1.0,0.88,1.57,0.9,1.15,2.16,1.26,1.03,3.17,2.5,2.3,1.37,1.29,1.65,2.12,0.55,2.79,2.32,1.44,1.02,1.67,0.76,1.44,0.61,1.43,0.91,0.63,9.04,3.13,3.46,2.55,0.87,3.22,3.29,0.65,2.03,1.84,1.5,2.5,0.65,1.48,2.27,0.83,2.67,7.37,1.37,1.24,0.53,3.09,1.59,1.41,1.54
180,Kipling_ThePhantom_3,0.9873,Kipling_ThePhantom,"The Phantom Rickshaw, and Other Ghost Stories","Kipling, Rudyard",1888,,,,m,1865,English,,pb-under,0.56,1.01,2.39,0.59,1.15,1.32,1.03,1.15,3.02,1.22,2.01,0.73,0.93,1.14,1.49,0.8,2.86,1.44,0.92,0.61,1.28,0.88,2.37,0.46,1.09,1.48,1.76,2.57,8.78,2.03,1.44,2.14,8.52,2.69,0.65,0.62,5.02,1.29,3.76,1.21,0.69,1.49,0.69,2.74,1.8,1.02,1.88,0.46,2.75,4.91,0.75,4.39
181,Kipling_ThePhantom_4,0.9993,Kipling_ThePhantom,"The Phantom Rickshaw, and Other Ghost Stories","Kipling, Rudyard",1888,,,,m,1865,English,,pb-under,1.2,1.19,3.17,1.77,1.3,2.15,2.9,1.96,2.02,4.87,2.24,1.14,0.95,2.68,2.28,0.95,1.8,4.61,1.32,0.77,2.17,1.89,2.88,1.84,1.54,3.29,1.22,2.18,0.94,1.28,1.86,1.47,6.2,0.71,0.82,1.49,1.8,2.24,3.34,1.63,2.27,1.09,2.08,1.29,0.9,1.26,1.47,2.27,1.8,1.92,0.61,0.98
182,Lee_Hauntings_1,0.9992,Lee_Hauntings,Hauntings,"Lee, Vernon",1890,,,,f,1856,English,,pb-under,1.17,1.63,1.87,1.79,3.08,2.49,1.73,1.11,1.21,1.91,2.19,1.33,1.3,1.93,5.76,0.9,2.82,4.84,1.47,0.82,1.03,1.47,2.36,1.96,3.9,1.03,1.05,1.55,2.03,0.66,1.23,0.53,1.56,2.32,1.49,1.78,1.07,1.28,1.54,1.8,6.05,1.42,3.58,1.42,2.1,1.81,2.66,1.57,1.04,1.63,2.66,1.06
183,Lee_Hauntings_2,0.9998,Lee_Hauntings,Hauntings,"Lee, Vernon",1890,,,,f,1856,English,,pb-under,1.56,1.32,1.31,1.81,0.78,1.56,0.97,1.99,1.13,1.59,1.88,0.77,3.3,3.47,1.21,0.96,3.46,2.31,1.53,1.08,1.53,2.44,2.94,0.5,1.9,0.88,2.06,1.68,5.09,1.41,1.24,2.27,2.15,3.72,0.74,1.72,0.9,0.74,3.7,1.23,1.16,1.44,0.67,1.63,0.85,1.14,2.08,0.7,2.52,10.82,0.92,3.24
184,Lee_Hauntings_3,0.9999,Lee_Hauntings,Hauntings,"Lee, Vernon",1890,,,,f,1856,English,,pb-under,0.69,1.46,2.69,1.22,1.79,1.51,1.34,0.97,3.9,0.89,3.23,1.02,1.71,2.42,1.11,0.97,4.95,1.62,1.99,0.91,2.43,1.36,2.15,0.71,4.04,2.87,0.53,2.83,2.31,2.4,1.52,5.71,2.08,3.2,0.65,1.75,1.8,1.63,2.17,1.35,0.99,0.9,1.49,1.44,0.77,1.42,2.2,1.11,2.9,1.92,0.98,3.99
185,Lee_Hauntings_4,0.9999,Lee_Hauntings,Hauntings,"Lee, Vernon",1890,,,,f,1856,English,,pb-under,1.42,1.65,0.69,1.33,2.13,1.57,1.86,2.39,2.51,4.27,1.45,1.56,1.18,1.04,4.82,1.17,3.48,2.44,4.64,1.61,1.22,2.45,0.84,1.86,2.34,3.02,0.93,2.43,2.11,2.06,2.45,1.06,1.55,0.6,2.4,1.59,1.26,2.25,1.9,1.51,2.05,3.44,2.56,0.68,1.7,2.86,1.37,1.35,2.23,0.89,1.28,0.54
186,Lee_Hauntings_5,0.9935,Lee_Hauntings,Hauntings,"Lee, Vernon",1890,,,,f,1856,English,,pb-under,0.19,0.42,2.71,0.43,1.1,1.66,0.32,1.26,7.71,0.45,2.23,1.09,1.1,1.61,0.97,0.18,2.57,3.94,1.64,0.28,1.55,0.57,3.05,0.24,2.11,0.61,0.58,1.62,5.58,0.91,1.99,1.79,12.7,1.49,0.4,0.42,0.69,0.3,5.64,0.62,0.3,0.22,1.25,4.62,1.29,0.32,0.87,0.37,1.61,11.87,0.54,2.03
187,Corelli_TheSorrows_1,1.0,Corelli_TheSorrows,The Sorrows of Satan,"Corelli, Marie",1895,,,,f,1855,English,,pb-under,2.9,1.88,0.99,3.0,1.5,2.15,2.06,1.66,1.45,1.48,1.76,1.54,1.79,2.05,3.15,2.4,1.69,2.48,2.05,1.22,1.77,1.89,2.44,1.75,0.73,4.67,1.42,1.17,0.81,2.0,1.35,0.87,1.07,0.72,2.49,1.18,1.42,2.66,1.16,0.92,3.11,1.51,5.66,1.66,1.38,5.19,1.75,3.45,0.69,0.52,2.88,0.5
188,Corelli_TheSorrows_2,1.0,Corelli_TheSorrows,The Sorrows of Satan,"Corelli, Marie",1895,,,,f,1855,English,,pb-under,1.17,1.22,1.19,1.8,3.99,2.91,1.44,1.41,2.75,2.2,1.05,1.29,1.25,1.64,4.26,1.26,2.14,3.93,1.69,1.0,4.33,1.4,2.0,2.02,1.27,2.82,0.83,1.71,2.0,1.39,1.13,0.62,1.16,0.7,1.86,1.92,1.21,2.38,0.87,1.19,5.14,1.73,3.25,1.17,0.95,4.93,1.44,3.51,1.84,1.15,2.0,0.49
189,Corelli_TheSorrows_3,1.0,Corelli_TheSorrows,The Sorrows of Satan,"Corelli, Marie",1895,,,,f,1855,English,,pb-under,4.99,2.26,1.4,2.21,5.19,1.02,3.04,1.86,1.55,1.72,0.89,1.25,0.71,3.66,3.11,2.67,0.93,2.08,1.73,2.83,1.33,1.57,2.01,2.95,0.8,2.15,0.92,0.62,0.49,0.69,1.66,0.52,0.73,0.45,1.02,0.58,0.73,11.69,1.12,0.97,3.14,2.41,2.13,0.72,0.57,4.25,1.22,2.76,2.56,0.3,1.32,0.51
190,Corelli_TheSorrows_4,1.0,Corelli_TheSorrows,The Sorrows of Satan,"Corelli, Marie",1895,,,,f,1855,English,,pb-under,1.93,1.53,0.99,2.65,2.82,3.34,3.17,2.94,0.96,4.61,0.81,2.77,1.35,3.85,2.07,1.25,2.05,1.99,2.61,0.86,1.83,2.1,2.75,4.44,0.96,2.62,1.14,0.78,2.02,0.86,1.2,1.28,1.35,1.19,2.24,1.92,1.11,3.2,1.07,1.73,1.58,1.87,1.58,1.02,1.29,2.75,1.76,1.21,2.58,0.98,2.17,0.86
191,Corelli_TheSorrows_5,1.0,Corelli_TheSorrows,The Sorrows of Satan,"Corelli, Marie",1895,,,,f,1855,English,,pb-under,1.22,1.21,0.88,1.05,2.72,2.64,0.78,0.9,1.96,6.11,2.03,1.09,0.77,1.4,3.71,0.9,7.93,2.54,6.64,2.19,2.66,6.84,1.44,1.42,1.41,2.22,0.74,1.65,1.39,0.6,2.46,0.64,1.31,0.58,1.26,1.63,1.01,1.6,1.68,0.71,1.26,2.28,3.56,1.65,0.86,0.72,0.76,1.24,1.13,1.15,3.14,0.31
192,Corelli_TheSorrows_6,1.0,Corelli_TheSorrows,The Sorrows of Satan,"Corelli, Marie",1895,,,,f,1855,English,,pb-under,2.88,2.47,0.65,1.53,10.33,0.85,0.88,3.1,0.91,1.6,1.03,0.73,0.96,3.75,5.78,1.93,1.2,1.98,1.64,2.56,1.65,1.78,2.51,1.58,1.9,1.37,0.69,0.77,1.44,0.83,1.59,0.9,0.72,0.62,1.28,2.29,0.73,3.85,0.56,1.64,2.29,2.1,6.3,1.88,0.72,2.89,0.76,2.59,1.26,0.95,2.39,0.37
193,Corelli_TheSorrows_7,1.0,Corelli_TheSorrows,The Sorrows of Satan,"Corelli, Marie",1895,,,,f,1855,English,,pb-under,3.92,2.13,1.39,1.5,7.08,0.84,1.01,1.39,0.88,0.65,1.14,1.82,0.65,1.65,1.46,1.99,1.22,4.97,1.66,3.9,1.7,1.79,2.56,2.91,0.92,5.95,0.57,0.72,1.09,1.19,0.68,1.41,0.7,0.68,1.34,1.27,0.99,2.79,0.89,1.98,2.99,3.37,4.9,1.58,1.42,2.36,2.5,1.43,0.97,1.01,3.45,0.66
194,Corelli_TheSorrows_8,1.0,Corelli_TheSorrows,The Sorrows of Satan,"Corelli, Marie",1895,,,,f,1855,English,,pb-under,1.9,0.75,1.53,0.65,3.07,0.94,0.29,0.5,4.52,0.55,1.32,2.2,1.23,1.36,0.99,0.92,3.6,3.55,2.18,0.9,2.54,1.47,7.07,3.58,1.18,0.91,0.58,1.0,2.99,0.62,1.19,4.16,0.71,0.95,1.07,1.77,1.07,0.62,1.0,0.79,1.56,1.35,9.65,3.4,0.71,1.16,1.76,1.96,3.42,2.43,3.65,0.72
195,Corelli_TheSorrows_9,1.0,Corelli_TheSorrows,The Sorrows of Satan,"Corelli, Marie",1895,,,,f,1855,English,,pb-under,2.19,1.43,1.19,2.44,4.0,1.65,1.62,0.86,2.3,0.66,1.2,1.13,1.41,2.23,6.67,1.75,1.26,1.38,1.67,2.98,2.66,0.9,3.4,1.83,1.2,7.51,0.67,2.47,0.82,0.96,1.47,1.19,2.07,0.47,3.01,1.6,1.43,3.19,0.89,1.62,2.59,1.09,3.54,0.91,0.67,1.3,1.92,1.37,1.58,0.54,4.53,0.6
196,Corelli_TheSorrows_10,0.9999,Corelli_TheSorrows,The Sorrows of Satan,"Corelli, Marie",1895,,,,f,1855,English,,pb-under,0.7,0.62,1.59,2.15,5.64,1.77,1.85,1.09,1.94,0.67,1.3,1.42,1.5,2.83,2.99,0.92,2.58,4.4,1.34,3.04,4.95,1.06,1.71,2.21,0.56,0.96,0.83,0.87,4.5,0.5,1.86,2.82,1.79,1.09,1.31,2.22,1.51,1.62,0.81,2.48,1.07,1.26,6.51,1.59,1.57,1.11,3.04,1.33,1.27,1.35,2.85,1.04
197,Corelli_TheSorrows_11,0.9999,Corelli_TheSorrows,The Sorrows of Satan,"Corelli, Marie",1895,,,,f,1855,English,,pb-under,0.44,3.51,2.16,0.51,3.23,0.84,0.38,0.56,5.26,0.53,2.69,1.65,2.39,1.49,1.54,0.56,2.68,1.1,1.59,1.54,1.94,2.19,2.49,0.55,0.89,0.83,0.74,3.85,3.46,0.67,2.08,2.73,3.11,4.28,1.06,0.96,4.98,0.25,1.15,1.24,1.4,0.61,3.8,2.38,1.47,0.52,1.2,0.99,1.01,2.97,8.52,1.0
198,Corelli_TheSorrows_12,-0.9975,Corelli_TheSorrows,The Sorrows of Satan,"Corelli, Marie",1895,,,,f,1855,English,,pb-under,3.84,2.0,2.71,2.27,1.7,3.38,2.02,3.53,0.99,2.71,1.14,1.06,0.84,1.9,0.82,1.63,1.89,2.22,1.16,1.74,2.22,2.03,1.95,1.59,1.83,2.26,1.35,1.33,1.36,1.41,0.82,0.66,1.85,1.21,1.8,1.31,3.71,4.6,1.37,2.33,3.45,2.06,1.11,0.73,1.15,3.08,0.98,2.55,1.06,0.97,5.55,0.77
199,Corelli_TheSorrows_13,0.9999,Corelli_TheSorrows,The Sorrows of Satan,"Corelli, Marie",1895,,,,f,1855,English,,pb-under,0.9,1.26,1.55,1.38,1.76,1.45,1.72,1.62,0.77,1.87,1.58,1.48,0.97,2.95,5.98,1.75,2.16,1.75,1.64,1.31,2.52,2.81,2.68,1.35,1.78,3.41,0.77,3.13,2.79,0.83,2.05,0.85,2.82,1.51,1.27,2.02,2.09,1.42,2.89,0.87,0.91,2.68,0.84,3.71,0.75,0.98,1.97,1.16,2.13,6.69,1.45,1.0
200,Blackwood_TheEmptyHo_1,-0.9996,Blackwood_TheEmptyHo,The Empty House and Other Ghost Stories,"Blackwood, Algernon",1906,,,,m,1869,English,,pb-under,1.31,0.86,1.21,0.96,3.8,0.93,1.96,2.09,1.35,2.4,2.46,2.71,0.98,1.95,1.89,2.29,3.37,1.68,2.19,1.83,1.76,3.78,2.97,4.15,1.55,2.37,0.8,2.2,2.09,1.27,1.26,1.3,2.87,0.81,1.8,1.92,0.87,1.53,1.76,1.74,1.49,1.89,4.28,1.65,1.05,2.29,2.08,1.31,2.33,2.49,0.96,1.15
201,Blackwood_TheEmptyHo_2,-0.9997,Blackwood_TheEmptyHo,The Empty House and Other Ghost Stories,"Blackwood, Algernon",1906,,,,m,1869,English,,pb-under,1.26,1.13,1.85,1.3,0.56,1.07,2.3,3.36,1.39,1.35,2.76,0.95,2.5,1.31,1.39,0.75,1.7,1.31,1.6,1.51,1.51,1.34,2.03,0.75,1.62,1.93,1.58,2.32,2.68,2.15,2.18,3.88,1.8,6.58,0.87,1.41,2.98,1.78,2.87,1.45,1.91,1.42,0.79,1.56,1.0,1.39,1.55,1.05,4.32,3.44,1.65,4.86
202,Blackwood_TheEmptyHo_3,0.9998,Blackwood_TheEmptyHo,The Empty House and Other Ghost Stories,"Blackwood, Algernon",1906,,,,m,1869,English,,pb-under,0.69,0.9,3.26,1.59,1.55,2.69,1.75,1.83,1.19,5.85,1.5,0.89,1.11,2.17,0.98,0.8,2.61,1.68,1.72,1.13,1.65,1.43,1.44,0.69,2.03,1.33,1.12,3.2,1.84,1.54,1.45,1.12,7.02,5.95,0.95,0.54,1.19,1.85,6.01,1.95,1.26,1.24,1.22,1.54,1.36,1.91,2.22,0.65,2.75,3.57,0.98,1.08
203,Blackwood_TheEmptyHo_4,-0.543,Blackwood_TheEmptyHo,The Empty House and Other Ghost Stories,"Blackwood, Algernon",1906,,,,m,1869,English,,pb-under,1.6,3.22,1.18,3.97,3.93,1.52,2.54,3.18,2.37,2.33,1.86,1.65,1.55,1.5,3.18,2.5,1.23,2.41,3.13,1.21,2.21,1.02,2.37,2.97,2.04,2.56,1.29,0.72,1.04,1.36,1.16,1.19,2.3,0.96,1.93,1.09,1.61,2.69,0.91,2.4,2.61,1.49,2.04,1.02,1.23,2.21,1.69,2.06,1.97,0.78,2.04,0.99
204,Blackwood_TheEmptyHo_5,-0.9971,Blackwood_TheEmptyHo,The Empty House and Other Ghost Stories,"Blackwood, Algernon",1906,,,,m,1869,English,,pb-under,0.24,0.86,1.68,0.85,1.5,2.41,0.4,1.06,3.37,1.65,1.05,3.97,0.99,1.79,0.69,0.22,2.77,1.09,2.46,1.07,3.09,1.78,2.15,0.52,0.87,0.6,0.57,1.3,6.8,0.38,3.81,0.58,2.57,4.26,0.64,0.51,1.26,0.26,1.23,3.49,0.32,0.41,16.1,5.6,0.87,0.53,0.83,0.34,1.45,4.54,1.11,1.14
205,Blackwood_TheEmptyHo_6,-0.2551,Blackwood_TheEmptyHo,The Empty House and Other Ghost Stories,"Blackwood, Algernon",1906,,,,m,1869,English,,pb-under,1.21,1.02,8.07,1.4,1.19,3.05,3.31,1.23,1.74,1.9,1.03,0.96,3.87,3.11,0.94,0.66,1.04,1.4,1.4,1.0,3.26,1.08,2.25,1.08,1.34,1.87,1.02,1.77,2.65,0.74,2.3,4.66,2.47,1.41,1.31,2.14,1.97,1.51,1.21,1.46,1.37,2.32,0.75,2.76,2.27,2.38,1.82,1.63,2.32,1.64,2.34,1.37
206,Wharton_TalesofMen_1,0.9874,Wharton_TalesofMen,Tales of Men and Ghosts,"Wharton, Edith",1910,,,,f,1862,American,,pb-under,1.64,1.19,1.73,1.93,2.52,2.48,0.89,2.66,1.25,3.91,1.78,1.81,1.0,2.79,2.49,0.85,3.46,2.98,2.98,1.44,2.17,1.75,2.69,1.57,2.37,1.69,0.89,3.3,1.64,0.81,2.44,1.31,3.94,1.83,1.16,1.78,1.46,1.67,3.28,0.83,1.72,1.61,1.5,0.73,1.18,1.82,1.56,0.99,1.29,2.24,4.07,0.96
207,Wharton_TalesofMen_2,1.0,Wharton_TalesofMen,Tales of Men and Ghosts,"Wharton, Edith",1910,,,,f,1862,American,,pb-under,2.48,3.49,2.89,0.94,2.03,1.14,1.6,2.38,2.48,3.82,1.16,0.99,1.19,3.23,2.99,3.13,1.02,2.65,1.83,2.2,1.0,0.64,1.93,5.4,0.63,4.6,0.99,1.34,0.81,0.8,0.64,1.07,1.03,0.58,2.89,1.84,1.01,6.02,0.61,3.09,2.37,1.11,1.15,0.83,1.51,2.54,2.64,3.47,0.99,0.26,2.18,0.39
208,Wharton_TalesofMen_3,0.9999,Wharton_TalesofMen,Tales of Men and Ghosts,"Wharton, Edith",1910,,,,f,1862,American,,pb-under,3.75,1.69,1.34,1.49,1.85,3.05,1.27,1.22,1.56,3.89,1.5,1.01,1.65,4.34,3.11,2.6,1.11,2.42,2.45,2.11,0.76,2.08,1.82,2.84,1.1,2.76,0.88,1.6,1.23,0.88,0.87,1.05,1.28,1.11,4.21,1.44,1.42,5.53,1.12,2.4,3.48,1.47,1.19,0.72,1.37,2.76,1.59,2.34,1.37,0.9,2.45,0.56
209,Wharton_TalesofMen_4,0.9998,Wharton_TalesofMen,Tales of Men and Ghosts,"Wharton, Edith",1910,,,,f,1862,American,,pb-under,2.19,2.11,2.04,1.79,0.92,1.13,2.48,2.45,1.41,1.76,2.01,2.12,1.63,3.06,1.72,3.54,2.5,1.6,1.67,1.98,2.21,1.26,1.78,3.74,1.77,1.77,1.12,0.82,1.74,0.72,1.95,4.12,2.91,0.83,1.32,1.49,0.76,3.58,0.79,1.96,3.47,0.92,4.77,0.82,0.86,3.13,1.56,1.87,1.17,2.13,1.19,1.39
210,Wharton_TalesofMen_5,0.9999,Wharton_TalesofMen,Tales of Men and Ghosts,"Wharton, Edith",1910,,,,f,1862,American,,pb-under,3.87,3.41,0.78,1.94,3.69,1.4,1.12,2.03,0.86,1.41,0.94,1.36,1.59,2.12,2.01,2.57,0.65,2.89,0.64,3.15,1.43,1.72,0.99,9.96,1.33,1.84,0.78,0.72,0.58,0.72,0.92,0.93,0.45,0.45,3.03,1.06,1.56,2.98,0.6,1.0,7.7,2.64,1.66,0.67,0.89,2.53,1.48,5.83,0.9,0.4,3.48,0.33
211,Wharton_TalesofMen_6,0.5918,Wharton_TalesofMen,Tales of Men and Ghosts,"Wharton, Edith",1910,,,,f,1862,American,,pb-under,2.5,1.44,1.42,2.03,2.89,1.94,2.6,2.61,1.25,2.12,1.51,1.08,1.39,1.48,2.29,3.03,1.86,1.78,3.47,3.52,4.09,0.86,1.49,1.6,1.02,1.5,1.42,2.8,1.23,1.82,3.81,0.53,1.05,0.79,3.01,1.11,0.94,1.97,2.11,2.45,2.72,2.85,2.24,2.1,1.17,2.65,1.24,2.64,1.75,0.54,1.53,0.75
212,Wharton_TalesofMen_7,0.9996,Wharton_TalesofMen,Tales of Men and Ghosts,"Wharton, Edith",1910,,,,f,1862,American,,pb-under,2.06,1.35,2.7,2.21,0.84,1.21,1.88,1.28,2.27,1.58,2.72,1.42,0.92,3.8,2.94,1.88,1.63,2.48,1.36,2.41,2.24,2.47,3.86,2.12,1.35,1.59,1.08,1.46,1.61,1.87,2.16,3.95,2.8,0.52,1.95,1.34,1.32,1.3,2.41,0.75,2.16,1.53,1.22,1.79,2.33,3.83,1.44,3.28,1.37,0.64,1.84,1.45
213,LeFanu_InaGlassDa_1,0.9999,LeFanu_InaGlassDa,In a Glass Darkly,"Le Fanu, Sheridan",1872,,,,m,1814,Irish,,pb-under,2.57,4.06,2.45,4.54,0.55,2.84,1.59,1.09,1.87,2.22,1.16,1.86,2.05,1.05,0.82,2.6,0.72,0.99,1.11,2.36,1.0,1.02,0.46,1.74,0.99,1.73,8.24,0.95,0.8,7.57,0.98,1.24,1.54,1.35,2.64,2.12,1.28,1.69,1.1,2.84,1.51,1.21,1.58,0.8,1.71,2.39,1.71,4.7,1.39,0.73,1.22,1.27
214,LeFanu_InaGlassDa_2,-0.9999,LeFanu_InaGlassDa,In a Glass Darkly,"Le Fanu, Sheridan",1872,,,,m,1814,Irish,,pb-under,1.61,1.57,0.86,2.02,1.34,2.48,2.9,1.98,0.75,2.57,1.29,1.55,0.67,2.45,1.01,6.6,0.88,1.82,1.51,5.85,1.81,1.51,1.53,2.94,1.21,2.2,3.6,0.84,0.95,1.29,1.21,0.97,0.87,0.71,2.32,1.49,1.61,2.98,0.83,1.27,4.05,5.12,1.62,0.54,2.33,4.27,2.3,2.33,0.68,0.57,1.29,1.01
215,LeFanu_InaGlassDa_3,-0.9997,LeFanu_InaGlassDa,In a Glass Darkly,"Le Fanu, Sheridan",1872,,,,m,1814,Irish,,pb-under,5.73,2.61,2.86,8.34,2.45,1.99,5.3,1.8,0.55,1.86,1.33,1.53,0.69,0.68,1.63,3.79,2.27,1.46,2.86,7.34,0.73,1.32,1.56,0.79,1.2,1.84,1.5,0.59,0.68,1.17,0.4,0.58,1.34,0.78,1.7,1.93,1.2,2.78,0.71,0.97,1.33,2.39,1.08,1.11,2.09,2.72,0.82,3.6,1.35,0.49,1.36,0.84
216,LeFanu_InaGlassDa_4,1.0,LeFanu_InaGlassDa,In a Glass Darkly,"Le Fanu, Sheridan",1872,,,,m,1814,Irish,,pb-under,1.12,1.51,1.52,1.57,3.69,2.2,1.03,0.89,2.89,1.12,0.83,1.61,1.48,1.87,2.19,2.01,1.27,3.93,5.15,2.13,4.07,1.51,2.39,4.24,0.9,1.62,0.76,1.15,1.17,0.97,1.92,0.75,1.5,0.85,0.57,0.99,1.48,1.38,1.26,1.28,7.31,2.05,1.82,2.0,1.14,2.64,1.6,3.73,1.82,1.4,2.83,0.91
217,LeFanu_InaGlassDa_5,1.0,LeFanu_InaGlassDa,In a Glass Darkly,"Le Fanu, Sheridan",1872,,,,m,1814,Irish,,pb-under,1.93,1.27,1.85,4.03,5.69,1.98,1.4,1.76,0.94,1.39,1.2,1.67,1.18,3.16,4.08,1.69,0.88,1.16,3.15,3.34,1.29,1.27,1.23,8.59,0.95,1.5,0.65,1.3,0.49,0.77,1.06,1.25,0.87,0.71,2.68,1.72,1.12,1.91,1.41,1.11,4.33,0.87,2.5,0.68,2.42,2.76,2.78,2.54,1.32,0.82,2.94,0.41
218,LeFanu_InaGlassDa_6,0.9998,LeFanu_InaGlassDa,In a Glass Darkly,"Le Fanu, Sheridan",1872,,,,m,1814,Irish,,pb-under,2.19,1.06,1.35,1.89,1.43,2.31,4.86,3.15,1.67,1.75,1.95,1.94,1.09,1.87,1.59,1.0,1.73,2.02,4.24,1.4,1.2,3.15,2.31,3.15,1.42,0.92,0.92,1.57,0.73,2.94,1.49,1.15,2.04,1.89,0.99,1.54,1.49,1.97,2.98,1.56,1.94,1.68,1.74,1.75,1.16,4.34,3.46,2.26,1.9,1.17,1.75,0.95
219,LeFanu_InaGlassDa_7,0.9999,LeFanu_InaGlassDa,In a Glass Darkly,"Le Fanu, Sheridan",1872,,,,m,1814,Irish,,pb-under,2.38,2.2,2.58,2.63,1.14,2.37,3.48,1.34,2.64,8.34,1.49,1.39,1.71,1.37,1.61,1.95,4.36,0.89,2.0,2.4,1.2,2.65,1.13,1.04,1.9,1.76,1.07,1.26,1.56,3.79,1.05,1.17,1.54,3.13,1.98,0.97,2.27,2.2,2.09,0.67,1.36,1.12,1.05,1.42,1.43,2.4,1.21,1.02,0.98,0.98,1.67,2.67
220,LeFanu_InaGlassDa_8,1.0,LeFanu_InaGlassDa,In a Glass Darkly,"Le Fanu, Sheridan",1872,,,,m,1814,Irish,,pb-under,1.26,1.75,1.41,1.41,2.56,2.61,1.47,2.93,1.21,3.19,2.81,1.59,1.14,3.97,1.56,1.34,1.94,1.72,1.33,1.69,2.39,3.01,2.59,0.97,2.97,1.47,0.93,2.49,2.54,1.1,1.79,1.83,1.06,2.02,1.13,1.29,1.42,0.81,2.97,1.16,2.0,1.24,1.51,2.26,2.14,1.24,1.16,1.39,1.6,5.8,2.23,2.59
221,LeFanu_InaGlassDa_9,-0.9736,LeFanu_InaGlassDa,In a Glass Darkly,"Le Fanu, Sheridan",1872,,,,m,1814,Irish,,pb-under,0.76,2.44,1.16,1.97,5.58,1.63,1.86,2.28,1.69,1.63,1.66,1.45,1.39,1.38,3.34,0.7,4.23,2.24,2.22,1.44,2.83,2.88,2.17,1.16,2.8,0.91,1.09,2.04,2.45,1.49,2.19,0.85,3.27,2.46,1.49,1.46,1.06,2.7,4.08,1.13,1.95,1.43,1.99,0.91,1.47,1.38,0.71,0.77,1.78,2.95,2.05,1.04
